#                                                               --- full sequence ---- --- best 1 domain ---- --- domain number estimation ----
# target name        accession  query name           accession    E-value  score  bias   E-value  score  bias   exp reg clu  ov env dom rep inc description of target
#------------------- ---------- -------------------- ---------- --------- ------ ----- --------- ------ -----   --- --- --- --- --- --- --- --- ---------------------
rna-XM_029793905.2   -          DNA_methylase        PF00145      7.7e-49  167.8   0.0   7.7e-49  167.8   0.0   2.7   3   0   0   3   3   3   1 -
rna-XM_029783232.2   -          DNA_methylase        PF00145      1.3e-40  140.8   0.0   1.6e-40  140.5   0.0   1.2   1   0   0   1   1   1   1 -
rna-XM_036505720.1   -          DNA_methylase        PF00145      7.6e-17   62.7   0.0   4.8e-14   53.5   0.0   2.2   1   1   1   2   2   2   2 -
rna-XM_036505718.1   -          DNA_methylase        PF00145      1.1e-16   62.2   0.0   6.7e-14   53.0   0.0   2.4   1   1   1   2   2   2   2 -
rna-XM_029785240.2   -          DNA_methylase        PF00145      1.1e-16   62.1   0.0   6.7e-14   53.0   0.0   2.4   1   1   1   2   2   2   2 -
rna-XM_036505714.1   -          DNA_methylase        PF00145      1.1e-16   62.1   0.0   6.7e-14   53.0   0.0   2.4   1   1   1   2   2   2   2 -
rna-XM_036505715.1   -          DNA_methylase        PF00145      1.1e-16   62.1   0.0   6.7e-14   53.0   0.0   2.4   1   1   1   2   2   2   2 -
rna-XM_036505716.1   -          DNA_methylase        PF00145      1.1e-16   62.1   0.0   6.7e-14   53.0   0.0   2.4   1   1   1   2   2   2   2 -
rna-XM_036505717.1   -          DNA_methylase        PF00145      1.1e-16   62.1   0.0   6.7e-14   53.0   0.0   2.4   1   1   1   2   2   2   2 -
rna-XM_036505719.1   -          DNA_methylase        PF00145      3.3e-14   54.0   0.0   5.9e-14   53.2   0.0   1.4   1   0   0   1   1   1   1 -
rna-XM_029785333.2   -          DNA_methylase        PF00145        0.013   15.9   0.0     0.021   15.3   0.0   1.3   1   0   0   1   1   1   0 -
rna-XM_029785334.2   -          DNA_methylase        PF00145        0.013   15.9   0.0     0.021   15.3   0.0   1.3   1   0   0   1   1   1   0 -
rna-XM_036501686.1   -          DNA_methylase        PF00145        0.013   15.9   0.0     0.021   15.3   0.0   1.3   1   0   0   1   1   1   0 -
rna-XM_036501687.1   -          DNA_methylase        PF00145        0.013   15.9   0.0     0.021   15.3   0.0   1.3   1   0   0   1   1   1   0 -
rna-XM_029783665.2   -          DNA_methylase        PF00145        0.049   14.0   0.0     0.073   13.5   0.0   1.2   1   0   0   1   1   1   0 -
rna-XM_029799516.1   -          DNA_methylase        PF00145        0.064   13.6   0.0     0.095   13.1   0.0   1.2   1   0   0   1   1   1   0 -
rna-XM_029784555.2   -          Histone              PF00125      2.9e-99  326.6  10.2   1.4e-37  128.9   0.3   3.2   3   0   0   3   3   3   3 -
rna-XM_029784708.2   -          Histone              PF00125      7.2e-39  133.0   0.3   1.1e-38  132.5   0.3   1.3   1   0   0   1   1   1   1 -
rna-XM_029784723.2   -          Histone              PF00125      7.2e-39  133.0   0.3   1.1e-38  132.5   0.3   1.3   1   0   0   1   1   1   1 -
rna-XM_029785218.2   -          Histone              PF00125      7.2e-39  133.0   0.3   1.1e-38  132.5   0.3   1.3   1   0   0   1   1   1   1 -
rna-XM_029785252.2   -          Histone              PF00125      7.2e-39  133.0   0.3   1.1e-38  132.5   0.3   1.3   1   0   0   1   1   1   1 -
rna-XM_029785253.2   -          Histone              PF00125      7.2e-39  133.0   0.3   1.1e-38  132.5   0.3   1.3   1   0   0   1   1   1   1 -
rna-XM_029787771.2   -          Histone              PF00125      7.2e-39  133.0   0.3   1.1e-38  132.5   0.3   1.3   1   0   0   1   1   1   1 -
rna-XM_029790073.2   -          Histone              PF00125      7.2e-39  133.0   0.3   1.1e-38  132.5   0.3   1.3   1   0   0   1   1   1   1 -
rna-XM_029796056.1   -          Histone              PF00125      7.2e-39  133.0   0.3   1.1e-38  132.5   0.3   1.3   1   0   0   1   1   1   1 -
rna-XM_029796073.2   -          Histone              PF00125      7.2e-39  133.0   0.3   1.1e-38  132.5   0.3   1.3   1   0   0   1   1   1   1 -
rna-XM_029796095.1   -          Histone              PF00125      7.2e-39  133.0   0.3   1.1e-38  132.5   0.3   1.3   1   0   0   1   1   1   1 -
rna-XM_029796096.2   -          Histone              PF00125      7.2e-39  133.0   0.3   1.1e-38  132.5   0.3   1.3   1   0   0   1   1   1   1 -
rna-XM_029796098.2   -          Histone              PF00125      7.2e-39  133.0   0.3   1.1e-38  132.5   0.3   1.3   1   0   0   1   1   1   1 -
rna-XM_029797623.2   -          Histone              PF00125      7.2e-39  133.0   0.3   1.1e-38  132.5   0.3   1.3   1   0   0   1   1   1   1 -
rna-XM_029797636.2   -          Histone              PF00125      7.2e-39  133.0   0.3   1.1e-38  132.5   0.3   1.3   1   0   0   1   1   1   1 -
rna-XM_029798536.2   -          Histone              PF00125      7.2e-39  133.0   0.3   1.1e-38  132.5   0.3   1.3   1   0   0   1   1   1   1 -
rna-XM_029798541.2   -          Histone              PF00125      7.2e-39  133.0   0.3   1.1e-38  132.5   0.3   1.3   1   0   0   1   1   1   1 -
rna-XM_029799930.2   -          Histone              PF00125      7.2e-39  133.0   0.3   1.1e-38  132.5   0.3   1.3   1   0   0   1   1   1   1 -
rna-XM_029800033.2   -          Histone              PF00125      7.2e-39  133.0   0.3   1.1e-38  132.5   0.3   1.3   1   0   0   1   1   1   1 -
rna-XM_029800759.2   -          Histone              PF00125      7.2e-39  133.0   0.3   1.1e-38  132.5   0.3   1.3   1   0   0   1   1   1   1 -
rna-XM_029801154.2   -          Histone              PF00125      7.2e-39  133.0   0.3   1.1e-38  132.5   0.3   1.3   1   0   0   1   1   1   1 -
rna-XM_029801156.1   -          Histone              PF00125      7.2e-39  133.0   0.3   1.1e-38  132.5   0.3   1.3   1   0   0   1   1   1   1 -
rna-XM_036505726.1   -          Histone              PF00125      7.2e-39  133.0   0.3   1.1e-38  132.5   0.3   1.3   1   0   0   1   1   1   1 -
rna-XM_029796210.1   -          Histone              PF00125      9.9e-39  132.6   0.3   1.5e-38  132.0   0.3   1.3   1   0   0   1   1   1   1 -
rna-XM_029785791.2   -          Histone              PF00125      2.2e-38  131.5   0.1   3.2e-38  130.9   0.1   1.3   1   0   0   1   1   1   1 -
rna-XM_029786379.2   -          Histone              PF00125      2.2e-38  131.5   0.1   3.2e-38  130.9   0.1   1.3   1   0   0   1   1   1   1 -
rna-XM_029794952.2   -          Histone              PF00125      2.2e-38  131.5   0.1   3.2e-38  130.9   0.1   1.3   1   0   0   1   1   1   1 -
rna-XM_029777547.2   -          Histone              PF00125      2.4e-38  131.4   0.2   3.5e-38  130.8   0.2   1.3   1   0   0   1   1   1   1 -
rna-XM_029784707.2   -          Histone              PF00125      1.5e-37  128.8   0.3   2.2e-37  128.3   0.3   1.3   1   0   0   1   1   1   1 -
rna-XM_029792547.2   -          Histone              PF00125      3.2e-37  127.7   0.2     7e-37  126.7   0.2   1.6   1   0   0   1   1   1   1 -
rna-XM_029798151.2   -          Histone              PF00125      1.5e-31  109.5   0.1   1.5e-31  109.5   0.1   1.4   2   0   0   2   2   1   1 -
rna-XM_029799324.2   -          Histone              PF00125      1.5e-31  109.5   0.1   1.5e-31  109.5   0.1   1.4   2   0   0   2   2   1   1 -
rna-XM_029799452.1   -          Histone              PF00125      1.5e-31  109.5   0.1   1.5e-31  109.5   0.1   1.4   2   0   0   2   2   1   1 -
rna-XM_029799768.1   -          Histone              PF00125      1.5e-31  109.5   0.1   1.5e-31  109.5   0.1   1.4   2   0   0   2   2   1   1 -
rna-XM_029800615.2   -          Histone              PF00125      1.5e-31  109.5   0.1   1.5e-31  109.5   0.1   1.4   2   0   0   2   2   1   1 -
rna-XM_029800836.1   -          Histone              PF00125      1.5e-31  109.5   0.1   1.5e-31  109.5   0.1   1.4   2   0   0   2   2   1   1 -
rna-XM_029800893.1   -          Histone              PF00125      1.5e-31  109.5   0.1   1.5e-31  109.5   0.1   1.4   2   0   0   2   2   1   1 -
rna-XM_029801521.1   -          Histone              PF00125      1.5e-31  109.5   0.1   1.5e-31  109.5   0.1   1.4   2   0   0   2   2   1   1 -
rna-XM_029801523.2   -          Histone              PF00125      1.5e-31  109.5   0.1   1.5e-31  109.5   0.1   1.4   2   0   0   2   2   1   1 -
rna-XM_029798407.2   -          Histone              PF00125      1.8e-31  109.4   0.1   1.8e-31  109.4   0.1   1.4   2   0   0   2   2   1   1 -
rna-XM_029799955.1   -          Histone              PF00125      8.7e-31  107.1   0.1   1.5e-30  106.4   0.1   1.3   1   0   0   1   1   1   1 -
rna-XM_029784716.1   -          Histone              PF00125      1.8e-30  106.1   0.2   2.3e-30  105.8   0.2   1.2   1   0   0   1   1   1   1 -
rna-XM_029791157.2   -          Histone              PF00125        1e-28  100.5   0.2   1.9e-28   99.7   0.0   1.5   1   1   1   2   2   1   1 -
rna-XM_029777092.2   -          Histone              PF00125        2e-28   99.5   5.3   6.9e-15   56.2   0.2   2.1   2   0   0   2   2   2   2 -
rna-XM_029798154.2   -          Histone              PF00125      1.8e-23   83.7   1.1   1.8e-23   83.7   0.1   1.5   2   0   0   2   2   1   1 -
rna-XM_029778274.2   -          Histone              PF00125      8.7e-23   81.5   0.6   1.1e-22   81.1   0.6   1.1   1   0   0   1   1   1   1 -
rna-XM_029799929.2   -          Histone              PF00125      1.1e-22   81.2   0.5   1.5e-22   80.8   0.5   1.2   1   0   0   1   1   1   1 -
rna-XM_029800032.2   -          Histone              PF00125      1.1e-22   81.2   0.5   1.5e-22   80.8   0.5   1.2   1   0   0   1   1   1   1 -
rna-XM_029787761.2   -          Histone              PF00125      1.2e-22   81.0   0.6   1.6e-22   80.6   0.6   1.2   1   0   0   1   1   1   1 -
rna-XM_029784758.2   -          Histone              PF00125      1.3e-22   80.9   0.3   1.7e-22   80.5   0.3   1.2   1   0   0   1   1   1   1 -
rna-XM_029785254.2   -          Histone              PF00125      1.3e-22   80.9   0.3   1.7e-22   80.5   0.3   1.2   1   0   0   1   1   1   1 -
rna-XM_029785255.2   -          Histone              PF00125      1.3e-22   80.9   0.3   1.7e-22   80.5   0.3   1.2   1   0   0   1   1   1   1 -
rna-XM_029785257.2   -          Histone              PF00125      1.3e-22   80.9   0.3   1.7e-22   80.5   0.3   1.2   1   0   0   1   1   1   1 -
rna-XM_029787060.2   -          Histone              PF00125      2.6e-22   80.0   0.5   3.5e-22   79.6   0.5   1.2   1   0   0   1   1   1   1 -
rna-XM_036506728.1   -          Histone              PF00125      4.5e-22   79.2   0.3   5.7e-22   78.9   0.3   1.1   1   0   0   1   1   1   1 -
rna-XM_029785785.2   -          Histone              PF00125      4.7e-22   79.1   1.1   6.4e-22   78.7   1.1   1.2   1   0   0   1   1   1   1 -
rna-XM_029786781.2   -          Histone              PF00125        5e-22   79.1   0.4   6.4e-22   78.7   0.4   1.1   1   0   0   1   1   1   1 -
rna-XM_029786958.2   -          Histone              PF00125      5.1e-22   79.0   0.4   6.6e-22   78.7   0.4   1.1   1   0   0   1   1   1   1 -
rna-XM_029797630.2   -          Histone              PF00125      5.8e-22   78.8   0.5   7.9e-22   78.4   0.5   1.2   1   0   0   1   1   1   1 -
rna-XM_029797631.2   -          Histone              PF00125      5.8e-22   78.8   0.5   7.9e-22   78.4   0.5   1.2   1   0   0   1   1   1   1 -
rna-XM_029801153.2   -          Histone              PF00125      5.8e-22   78.8   0.5   7.9e-22   78.4   0.5   1.2   1   0   0   1   1   1   1 -
rna-XM_029784710.2   -          Histone              PF00125      6.4e-22   78.7   0.5   8.5e-22   78.3   0.5   1.2   1   0   0   1   1   1   1 -
rna-XM_029784711.2   -          Histone              PF00125      6.4e-22   78.7   0.5   8.5e-22   78.3   0.5   1.2   1   0   0   1   1   1   1 -
rna-XM_029784709.2   -          Histone              PF00125      6.4e-22   78.7   0.5   8.5e-22   78.3   0.5   1.2   1   0   0   1   1   1   1 -
rna-XM_029796297.2   -          Histone              PF00125      6.7e-22   78.6   0.6   8.9e-22   78.2   0.6   1.2   1   0   0   1   1   1   1 -
rna-XM_029796102.2   -          Histone              PF00125      6.8e-22   78.6   0.5     9e-22   78.2   0.5   1.2   1   0   0   1   1   1   1 -
rna-XM_029796074.1   -          Histone              PF00125      6.9e-22   78.6   0.6   9.2e-22   78.2   0.6   1.2   1   0   0   1   1   1   1 -
rna-XM_029796079.2   -          Histone              PF00125      6.9e-22   78.6   0.6   9.2e-22   78.2   0.6   1.2   1   0   0   1   1   1   1 -
rna-XM_029796080.2   -          Histone              PF00125      6.9e-22   78.6   0.6   9.2e-22   78.2   0.6   1.2   1   0   0   1   1   1   1 -
rna-XM_029796081.2   -          Histone              PF00125      6.9e-22   78.6   0.6   9.2e-22   78.2   0.6   1.2   1   0   0   1   1   1   1 -
rna-XM_029797334.2   -          Histone              PF00125      6.9e-22   78.6   0.6   9.2e-22   78.2   0.6   1.2   1   0   0   1   1   1   1 -
rna-XM_029797624.2   -          Histone              PF00125      6.9e-22   78.6   0.6   9.2e-22   78.2   0.6   1.2   1   0   0   1   1   1   1 -
rna-XM_029797632.2   -          Histone              PF00125      6.9e-22   78.6   0.6   9.2e-22   78.2   0.6   1.2   1   0   0   1   1   1   1 -
rna-XM_029798535.2   -          Histone              PF00125      6.9e-22   78.6   0.6   9.2e-22   78.2   0.6   1.2   1   0   0   1   1   1   1 -
rna-XM_029798539.2   -          Histone              PF00125      6.9e-22   78.6   0.6   9.2e-22   78.2   0.6   1.2   1   0   0   1   1   1   1 -
rna-XM_029800760.2   -          Histone              PF00125      6.9e-22   78.6   0.6   9.2e-22   78.2   0.6   1.2   1   0   0   1   1   1   1 -
rna-XM_029801151.2   -          Histone              PF00125      6.9e-22   78.6   0.6   9.2e-22   78.2   0.6   1.2   1   0   0   1   1   1   1 -
rna-XM_036514088.1   -          Histone              PF00125      6.9e-22   78.6   0.6   9.2e-22   78.2   0.6   1.2   1   0   0   1   1   1   1 -
rna-XM_029777091.2   -          Histone              PF00125      8.9e-22   78.3   0.4   1.3e-21   77.8   0.4   1.2   1   0   0   1   1   1   1 -
rna-XM_036505824.1   -          Histone              PF00125      2.1e-20   73.8   0.2   2.8e-20   73.4   0.2   1.1   1   0   0   1   1   1   1 -
rna-XM_029797851.1   -          Histone              PF00125      2.1e-19   70.6   1.0     3e-19   70.1   0.8   1.3   1   1   0   1   1   1   1 -
rna-XM_029802242.2   -          Histone              PF00125      2.9e-19   70.2   0.0   3.6e-19   69.9   0.0   1.1   1   0   0   1   1   1   1 -
rna-XM_029784023.2   -          Histone              PF00125      4.3e-17   63.2   0.7   4.3e-17   63.2   0.7   3.8   3   2   0   3   3   1   1 -
rna-XM_029784714.2   -          Histone              PF00125      1.7e-15   58.1   0.0   2.1e-15   57.8   0.0   1.1   1   0   0   1   1   1   1 -
rna-XM_029784712.2   -          Histone              PF00125      2.1e-15   57.8   0.0   2.7e-15   57.5   0.0   1.1   1   0   0   1   1   1   1 -
rna-XM_029784713.2   -          Histone              PF00125      2.1e-15   57.8   0.0   2.7e-15   57.5   0.0   1.1   1   0   0   1   1   1   1 -
rna-XM_029784717.2   -          Histone              PF00125      2.1e-15   57.8   0.0   2.7e-15   57.5   0.0   1.1   1   0   0   1   1   1   1 -
rna-XM_029784726.2   -          Histone              PF00125      2.1e-15   57.8   0.0   2.7e-15   57.5   0.0   1.1   1   0   0   1   1   1   1 -
rna-XM_029786096.2   -          Histone              PF00125      2.1e-15   57.8   0.0   2.7e-15   57.5   0.0   1.1   1   0   0   1   1   1   1 -
rna-XM_029785258.2   -          Histone              PF00125      2.1e-15   57.8   0.0   2.7e-15   57.5   0.0   1.1   1   0   0   1   1   1   1 -
rna-XM_029785259.2   -          Histone              PF00125      2.1e-15   57.8   0.0   2.7e-15   57.5   0.0   1.1   1   0   0   1   1   1   1 -
rna-XM_029796075.2   -          Histone              PF00125      2.1e-15   57.8   0.0   2.7e-15   57.5   0.0   1.1   1   0   0   1   1   1   1 -
rna-XM_029796076.2   -          Histone              PF00125      2.1e-15   57.8   0.0   2.7e-15   57.5   0.0   1.1   1   0   0   1   1   1   1 -
rna-XM_029796077.2   -          Histone              PF00125      2.1e-15   57.8   0.0   2.7e-15   57.5   0.0   1.1   1   0   0   1   1   1   1 -
rna-XM_029796078.2   -          Histone              PF00125      2.1e-15   57.8   0.0   2.7e-15   57.5   0.0   1.1   1   0   0   1   1   1   1 -
rna-XM_029796082.2   -          Histone              PF00125      2.1e-15   57.8   0.0   2.7e-15   57.5   0.0   1.1   1   0   0   1   1   1   1 -
rna-XM_029796322.2   -          Histone              PF00125      2.1e-15   57.8   0.0   2.7e-15   57.5   0.0   1.1   1   0   0   1   1   1   1 -
rna-XM_029796332.1   -          Histone              PF00125      2.1e-15   57.8   0.0   2.7e-15   57.5   0.0   1.1   1   0   0   1   1   1   1 -
rna-XM_029797625.2   -          Histone              PF00125      2.1e-15   57.8   0.0   2.7e-15   57.5   0.0   1.1   1   0   0   1   1   1   1 -
rna-XM_029797626.2   -          Histone              PF00125      2.1e-15   57.8   0.0   2.7e-15   57.5   0.0   1.1   1   0   0   1   1   1   1 -
rna-XM_029797627.2   -          Histone              PF00125      2.1e-15   57.8   0.0   2.7e-15   57.5   0.0   1.1   1   0   0   1   1   1   1 -
rna-XM_029797628.2   -          Histone              PF00125      2.1e-15   57.8   0.0   2.7e-15   57.5   0.0   1.1   1   0   0   1   1   1   1 -
rna-XM_029797629.2   -          Histone              PF00125      2.1e-15   57.8   0.0   2.7e-15   57.5   0.0   1.1   1   0   0   1   1   1   1 -
rna-XM_029798538.2   -          Histone              PF00125      2.1e-15   57.8   0.0   2.7e-15   57.5   0.0   1.1   1   0   0   1   1   1   1 -
rna-XM_029798543.2   -          Histone              PF00125      2.1e-15   57.8   0.0   2.7e-15   57.5   0.0   1.1   1   0   0   1   1   1   1 -
rna-XM_029800761.2   -          Histone              PF00125      2.1e-15   57.8   0.0   2.7e-15   57.5   0.0   1.1   1   0   0   1   1   1   1 -
rna-XM_029801150.2   -          Histone              PF00125      2.1e-15   57.8   0.0   2.7e-15   57.5   0.0   1.1   1   0   0   1   1   1   1 -
rna-XM_029801155.2   -          Histone              PF00125      2.1e-15   57.8   0.0   2.7e-15   57.5   0.0   1.1   1   0   0   1   1   1   1 -
rna-XM_036505727.1   -          Histone              PF00125      2.1e-15   57.8   0.0   2.7e-15   57.5   0.0   1.1   1   0   0   1   1   1   1 -
rna-XM_029787538.2   -          Histone              PF00125      2.2e-15   57.8   0.0   2.7e-15   57.5   0.0   1.1   1   0   0   1   1   1   1 -
rna-XM_029799932.2   -          Histone              PF00125      2.2e-15   57.8   0.0   2.7e-15   57.5   0.0   1.1   1   0   0   1   1   1   1 -
rna-XM_029800036.2   -          Histone              PF00125      2.2e-15   57.8   0.0   2.7e-15   57.5   0.0   1.1   1   0   0   1   1   1   1 -
rna-XM_029777238.2   -          Histone              PF00125      3.3e-15   57.2   0.0   4.3e-15   56.8   0.0   1.1   1   0   0   1   1   1   1 -
rna-XM_029791961.2   -          Histone              PF00125      3.8e-15   57.0   0.0   5.5e-15   56.5   0.0   1.2   1   0   0   1   1   1   1 -
rna-XM_029785013.2   -          Histone              PF00125      4.1e-15   56.9   0.0   5.1e-15   56.6   0.0   1.1   1   0   0   1   1   1   1 -
rna-XM_029784643.2   -          Histone              PF00125      4.2e-15   56.9   0.0   5.5e-15   56.5   0.0   1.1   1   0   0   1   1   1   1 -
rna-XM_029784885.2   -          Histone              PF00125      1.3e-14   55.3   0.0   1.7e-14   54.9   0.0   1.1   1   0   0   1   1   1   1 -
rna-XM_029794307.1   -          Histone              PF00125      1.9e-13   51.6   0.1     7e-13   49.7   0.0   1.8   2   0   0   2   2   1   1 -
rna-XM_029798588.1   -          Histone              PF00125      2.4e-13   51.3   0.4   4.5e-13   50.4   0.0   1.6   2   0   0   2   2   1   1 -
rna-XM_029782927.2   -          Histone              PF00125      3.1e-12   47.7   0.1   1.2e-11   45.8   0.0   1.9   2   0   0   2   2   1   1 -
rna-XM_029782928.2   -          Histone              PF00125      3.2e-12   47.6   0.1   1.2e-11   45.8   0.0   1.9   2   0   0   2   2   1   1 -
rna-XM_029794206.2   -          Histone              PF00125      3.6e-12   47.5   0.3   4.3e-12   47.2   0.3   1.2   1   0   0   1   1   1   1 -
rna-XM_036504997.1   -          Histone              PF00125      8.8e-10   39.8   0.0   3.2e-09   38.0   0.0   1.9   2   0   0   2   2   1   1 -
rna-XM_029801526.1   -          Histone              PF00125      9.3e-10   39.7   1.5   1.6e-09   39.0   1.5   1.4   1   0   0   1   1   1   1 -
rna-XM_036504995.1   -          Histone              PF00125      1.1e-09   39.5   0.0   4.1e-09   37.7   0.0   2.0   2   0   0   2   2   1   1 -
rna-XM_036504996.1   -          Histone              PF00125      1.1e-09   39.5   0.0     4e-09   37.7   0.0   1.9   2   0   0   2   2   1   1 -
rna-XM_029798152.2   -          Histone              PF00125      2.4e-09   38.4   0.0   4.5e-09   37.6   0.0   1.4   1   0   0   1   1   1   1 -
rna-XM_029798153.1   -          Histone              PF00125      2.4e-09   38.4   0.0   4.5e-09   37.6   0.0   1.4   1   0   0   1   1   1   1 -
rna-XM_029799330.1   -          Histone              PF00125      2.4e-09   38.4   0.0   4.5e-09   37.6   0.0   1.4   1   0   0   1   1   1   1 -
rna-XM_029799331.1   -          Histone              PF00125      2.4e-09   38.4   0.0   4.5e-09   37.6   0.0   1.4   1   0   0   1   1   1   1 -
rna-XM_029800618.1   -          Histone              PF00125      2.4e-09   38.4   0.0   4.5e-09   37.6   0.0   1.4   1   0   0   1   1   1   1 -
rna-XM_029799058.1   -          Histone              PF00125      2.5e-09   38.4   0.0   4.5e-09   37.6   0.0   1.3   1   0   0   1   1   1   1 -
rna-XM_029799956.1   -          Histone              PF00125      2.5e-09   38.4   0.0   4.5e-09   37.6   0.0   1.3   1   0   0   1   1   1   1 -
rna-XM_029800616.2   -          Histone              PF00125      2.5e-09   38.4   0.0   4.5e-09   37.6   0.0   1.3   1   0   0   1   1   1   1 -
rna-XM_029800617.2   -          Histone              PF00125      2.5e-09   38.4   0.0   4.5e-09   37.6   0.0   1.3   1   0   0   1   1   1   1 -
rna-XM_029800894.2   -          Histone              PF00125      2.5e-09   38.4   0.0   4.5e-09   37.6   0.0   1.3   1   0   0   1   1   1   1 -
rna-XM_029800895.2   -          Histone              PF00125      2.5e-09   38.4   0.0   4.5e-09   37.6   0.0   1.3   1   0   0   1   1   1   1 -
rna-XM_029801524.1   -          Histone              PF00125      2.5e-09   38.4   0.0   4.5e-09   37.6   0.0   1.3   1   0   0   1   1   1   1 -
rna-XM_029801527.1   -          Histone              PF00125      2.5e-09   38.4   0.0   4.5e-09   37.6   0.0   1.3   1   0   0   1   1   1   1 -
rna-XM_029799959.1   -          Histone              PF00125      2.5e-09   38.3   0.0   4.5e-09   37.6   0.0   1.3   1   0   0   1   1   1   1 -
rna-XM_029798322.1   -          Histone              PF00125      2.7e-09   38.3   0.0   5.1e-09   37.3   0.0   1.4   2   0   0   2   2   1   1 -
rna-XM_029798594.1   -          Histone              PF00125      3.3e-09   38.0   0.0   5.6e-09   37.2   0.0   1.3   1   0   0   1   1   1   1 -
rna-XM_029798599.1   -          Histone              PF00125      2.6e-07   31.9   0.3   3.9e-07   31.3   0.3   1.3   1   0   0   1   1   1   1 -
rna-XM_036515005.1   -          Histone              PF00125      5.2e-07   30.9   0.0   7.9e-07   30.3   0.0   1.3   1   0   0   1   1   1   1 -
rna-XM_029783796.2   -          Histone              PF00125      1.6e-06   29.4   1.4   1.7e-06   29.3   0.1   1.6   2   0   0   2   2   1   1 -
rna-XM_029788202.2   -          Histone              PF00125      2.6e-06   28.7   0.6   5.7e-06   27.6   0.6   1.5   1   0   0   1   1   1   1 -
rna-XM_029793735.2   -          Histone              PF00125      7.4e-06   27.2   0.0   7.4e-06   27.2   0.0   1.9   2   1   0   2   2   1   1 -
rna-XM_029778280.1   -          Histone              PF00125      9.6e-05   23.7   0.3   0.00013   23.3   0.3   1.4   1   1   0   1   1   1   1 -
rna-XM_029785070.2   -          Histone              PF00125      9.6e-05   23.7   0.3   0.00013   23.3   0.3   1.4   1   1   0   1   1   1   1 -
rna-XM_029785216.2   -          Histone              PF00125      9.6e-05   23.7   0.3   0.00013   23.3   0.3   1.4   1   1   0   1   1   1   1 -
rna-XM_029785260.2   -          Histone              PF00125      9.6e-05   23.7   0.3   0.00013   23.3   0.3   1.4   1   1   0   1   1   1   1 -
rna-XM_029785261.2   -          Histone              PF00125      9.6e-05   23.7   0.3   0.00013   23.3   0.3   1.4   1   1   0   1   1   1   1 -
rna-XM_029786970.2   -          Histone              PF00125      9.6e-05   23.7   0.3   0.00013   23.3   0.3   1.4   1   1   0   1   1   1   1 -
rna-XM_029787772.2   -          Histone              PF00125      9.6e-05   23.7   0.3   0.00013   23.3   0.3   1.4   1   1   0   1   1   1   1 -
rna-XM_029796088.2   -          Histone              PF00125      9.6e-05   23.7   0.3   0.00013   23.3   0.3   1.4   1   1   0   1   1   1   1 -
rna-XM_029796090.2   -          Histone              PF00125      9.6e-05   23.7   0.3   0.00013   23.3   0.3   1.4   1   1   0   1   1   1   1 -
rna-XM_029796092.1   -          Histone              PF00125      9.6e-05   23.7   0.3   0.00013   23.3   0.3   1.4   1   1   0   1   1   1   1 -
rna-XM_029796093.2   -          Histone              PF00125      9.6e-05   23.7   0.3   0.00013   23.3   0.3   1.4   1   1   0   1   1   1   1 -
rna-XM_029796094.2   -          Histone              PF00125      9.6e-05   23.7   0.3   0.00013   23.3   0.3   1.4   1   1   0   1   1   1   1 -
rna-XM_029796303.2   -          Histone              PF00125      9.6e-05   23.7   0.3   0.00013   23.3   0.3   1.4   1   1   0   1   1   1   1 -
rna-XM_029797635.2   -          Histone              PF00125      9.6e-05   23.7   0.3   0.00013   23.3   0.3   1.4   1   1   0   1   1   1   1 -
rna-XM_029797637.2   -          Histone              PF00125      9.6e-05   23.7   0.3   0.00013   23.3   0.3   1.4   1   1   0   1   1   1   1 -
rna-XM_029798537.2   -          Histone              PF00125      9.6e-05   23.7   0.3   0.00013   23.3   0.3   1.4   1   1   0   1   1   1   1 -
rna-XM_029798542.2   -          Histone              PF00125      9.6e-05   23.7   0.3   0.00013   23.3   0.3   1.4   1   1   0   1   1   1   1 -
rna-XM_029799931.2   -          Histone              PF00125      9.6e-05   23.7   0.3   0.00013   23.3   0.3   1.4   1   1   0   1   1   1   1 -
rna-XM_029800034.2   -          Histone              PF00125      9.6e-05   23.7   0.3   0.00013   23.3   0.3   1.4   1   1   0   1   1   1   1 -
rna-XM_029800762.1   -          Histone              PF00125      9.6e-05   23.7   0.3   0.00013   23.3   0.3   1.4   1   1   0   1   1   1   1 -
rna-XM_036505729.1   -          Histone              PF00125      9.6e-05   23.7   0.3   0.00013   23.3   0.3   1.4   1   1   0   1   1   1   1 -
rna-XM_036513973.1   -          Histone              PF00125      9.6e-05   23.7   0.3   0.00013   23.3   0.3   1.4   1   1   0   1   1   1   1 -
rna-XM_036515471.1   -          Histone              PF00125      9.6e-05   23.7   0.3   0.00013   23.3   0.3   1.4   1   1   0   1   1   1   1 -
rna-XM_036515473.1   -          Histone              PF00125      9.6e-05   23.7   0.3   0.00013   23.3   0.3   1.4   1   1   0   1   1   1   1 -
rna-XM_036515474.1   -          Histone              PF00125      9.6e-05   23.7   0.3   0.00013   23.3   0.3   1.4   1   1   0   1   1   1   1 -
rna-XM_029784553.2   -          Histone              PF00125       0.0001   23.6   0.3   0.00013   23.2   0.3   1.4   1   1   0   1   1   1   1 -
rna-XM_029791229.1   -          Histone              PF00125      0.00012   23.4   0.2   0.00016   23.0   0.2   1.5   1   1   0   1   1   1   1 -
rna-XM_029785215.1   -          Histone              PF00125      0.00035   21.9   0.5      0.01   17.2   0.5   2.1   1   1   0   1   1   1   1 -
rna-XM_029802181.1   -          Histone              PF00125      0.00085   20.6   0.3    0.0011   20.3   0.3   1.5   1   1   0   1   1   1   1 -
rna-XM_029798150.1   -          Histone              PF00125       0.0014   19.9   0.2    0.0016   19.7   0.2   1.2   1   0   0   1   1   1   1 -
rna-XM_029798155.1   -          Histone              PF00125       0.0014   19.9   0.2    0.0016   19.7   0.2   1.2   1   0   0   1   1   1   1 -
rna-XM_029801210.1   -          Histone              PF00125       0.0014   19.9   0.2    0.0016   19.7   0.2   1.2   1   0   0   1   1   1   1 -
rna-XM_036500100.1   -          Histone              PF00125       0.0016   19.7   1.0    0.0022   19.3   0.0   1.7   2   0   0   2   2   1   1 -
rna-XM_029802622.2   -          Histone              PF00125       0.0016   19.7   0.1    0.0027   19.0   0.1   1.4   1   0   0   1   1   1   1 -
rna-XM_029801763.1   -          Histone              PF00125        0.002   19.4   0.1    0.0033   18.7   0.1   1.4   1   0   0   1   1   1   1 -
rna-XM_029800832.1   -          Histone              PF00125       0.0037   18.6   0.1     0.006   17.9   0.1   1.4   1   0   0   1   1   1   1 -
rna-XM_029800830.1   -          Histone              PF00125        0.011   17.1   0.2     0.038   15.3   0.1   2.0   2   0   0   2   2   1   0 -
rna-XM_029783797.2   -          Histone              PF00125        0.031   15.6   1.6      0.43   12.0   0.1   2.6   2   1   0   2   2   1   0 -
rna-XM_036505227.1   -          Histone              PF00125        0.033   15.6   0.0      0.17   13.2   0.0   2.5   1   0   0   1   1   1   0 -
rna-XM_029778411.2   -          Histone              PF00125        0.052   14.9   0.0     0.078   14.3   0.0   1.3   1   0   0   1   1   1   0 -
rna-XM_029792440.2   -          Histone              PF00125         0.18   13.2   0.0      0.59   11.5   0.0   1.9   1   0   0   1   1   1   0 -
rna-XM_029778027.2   -          Histone              PF00125         0.19   13.1   0.1      0.19   13.1   0.1   2.5   2   0   0   2   2   1   0 -
rna-XM_036511231.1   -          Histone              PF00125          0.2   13.0   0.0      0.64   11.4   0.0   1.9   1   0   0   1   1   1   0 -
rna-XM_029800732.1   -          Histone              PF00125         0.32   12.4   0.0      0.69   11.3   0.0   1.5   1   0   0   1   1   1   0 -
rna-XM_029791459.2   -          SET                  PF00856      1.5e-28  100.3   3.1   1.7e-28  100.1   0.3   2.8   2   0   0   2   2   1   1 -
rna-XM_029791460.2   -          SET                  PF00856      1.5e-28  100.3   3.1   1.7e-28  100.1   0.3   2.8   2   0   0   2   2   1   1 -
rna-XM_029791461.2   -          SET                  PF00856      1.5e-28  100.3   3.1   1.7e-28  100.1   0.3   2.8   2   0   0   2   2   1   1 -
rna-XM_029791458.2   -          SET                  PF00856      1.6e-28  100.2   3.1   1.7e-28  100.1   0.3   2.8   2   0   0   2   2   1   1 -
rna-XM_029793148.2   -          SET                  PF00856      6.3e-28   98.3   0.0   3.5e-27   95.9   0.0   2.4   1   0   0   1   1   1   1 -
rna-XM_029793147.2   -          SET                  PF00856      6.4e-28   98.3   0.0   3.6e-27   95.9   0.0   2.4   1   0   0   1   1   1   1 -
rna-XM_029793146.2   -          SET                  PF00856      8.1e-28   97.9   0.0     4e-27   95.7   0.0   2.3   1   0   0   1   1   1   1 -
rna-XM_029799338.2   -          SET                  PF00856      5.5e-27   95.2   1.6   8.9e-26   91.4   0.0   2.7   2   1   0   2   2   2   1 -
rna-XM_029792655.2   -          SET                  PF00856      1.9e-26   93.5   0.5   1.9e-26   93.5   0.5   2.9   2   0   0   2   2   1   1 -
rna-XM_029792654.2   -          SET                  PF00856      1.9e-26   93.5   0.5   1.9e-26   93.5   0.5   2.9   2   0   0   2   2   1   1 -
rna-XM_029789852.2   -          SET                  PF00856      3.5e-25   89.5   0.2   3.5e-25   89.5   0.2   2.8   2   1   0   2   2   2   1 -
rna-XM_029789847.2   -          SET                  PF00856      3.5e-25   89.4   0.2   3.5e-25   89.4   0.2   2.9   2   1   0   2   2   2   1 -
rna-XM_029789840.2   -          SET                  PF00856      3.6e-25   89.4   0.2   3.6e-25   89.4   0.2   2.8   2   1   0   2   2   2   1 -
rna-XM_029789827.2   -          SET                  PF00856      3.6e-25   89.4   0.2   3.6e-25   89.4   0.2   2.8   2   1   0   2   2   2   1 -
rna-XM_036509698.1   -          SET                  PF00856      4.9e-24   85.8   2.2   1.1e-23   84.6   0.1   2.8   3   0   0   3   3   1   1 -
rna-XM_029789809.2   -          SET                  PF00856      6.3e-24   85.4   2.2   1.3e-23   84.4   0.1   2.7   3   0   0   3   3   1   1 -
rna-XM_029789810.2   -          SET                  PF00856      6.3e-24   85.4   2.2   1.3e-23   84.4   0.1   2.7   3   0   0   3   3   1   1 -
rna-XM_029789812.2   -          SET                  PF00856      6.3e-24   85.4   2.2   1.3e-23   84.4   0.1   2.7   3   0   0   3   3   1   1 -
rna-XM_036509695.1   -          SET                  PF00856      6.3e-24   85.4   2.2   1.3e-23   84.4   0.1   2.7   3   0   0   3   3   1   1 -
rna-XM_036509696.1   -          SET                  PF00856      6.3e-24   85.4   2.2   1.3e-23   84.4   0.1   2.7   3   0   0   3   3   1   1 -
rna-XM_036509697.1   -          SET                  PF00856      6.3e-24   85.4   2.2   1.3e-23   84.4   0.1   2.7   3   0   0   3   3   1   1 -
rna-XM_029789813.2   -          SET                  PF00856      6.6e-24   85.4   2.2   1.3e-23   84.4   0.1   2.7   3   0   0   3   3   1   1 -
rna-XM_029789814.2   -          SET                  PF00856      7.5e-24   85.2   2.2   1.2e-23   84.5   0.1   2.7   3   0   0   3   3   1   1 -
rna-XM_029786385.2   -          SET                  PF00856      1.7e-23   84.1   0.0   3.5e-23   83.0   0.0   1.5   1   0   0   1   1   1   1 -
rna-XM_036501000.1   -          SET                  PF00856      3.7e-23   82.9   0.1   2.1e-22   80.5   0.1   2.5   1   0   0   1   1   1   1 -
rna-XM_036506869.1   -          SET                  PF00856      7.3e-23   82.0   1.1   1.4e-21   77.9   0.1   3.6   2   0   0   2   2   2   1 -
rna-XM_036512884.1   -          SET                  PF00856      3.4e-22   79.9   1.8   7.1e-22   78.8   0.0   2.1   2   1   0   2   2   2   1 -
rna-XM_036507907.1   -          SET                  PF00856      1.2e-21   78.1   5.8   1.2e-21   78.1   0.2   3.9   3   0   0   3   3   2   1 -
rna-XM_029787545.2   -          SET                  PF00856      1.2e-21   78.1   0.2   1.2e-21   78.1   0.2   3.9   3   0   0   3   3   2   1 -
rna-XM_029787544.2   -          SET                  PF00856      1.2e-21   78.1   0.2   1.2e-21   78.1   0.2   3.9   3   0   0   3   3   2   1 -
rna-XM_029787543.2   -          SET                  PF00856      1.2e-21   78.1   0.2   1.2e-21   78.1   0.2   3.9   3   0   0   3   3   2   1 -
rna-XM_029787542.2   -          SET                  PF00856      1.2e-21   78.1   0.2   1.2e-21   78.1   0.2   3.9   3   0   0   3   3   2   1 -
rna-XM_036498931.1   -          SET                  PF00856      1.3e-19   71.5   0.2   1.3e-19   71.5   0.2   1.6   2   0   0   2   2   1   1 -
rna-XM_036504421.1   -          SET                  PF00856      4.8e-19   69.7   8.2   1.4e-17   65.1   0.5   4.4   3   2   0   3   3   2   1 -
rna-XM_036504419.1   -          SET                  PF00856      8.1e-19   69.0   9.0   1.6e-17   64.9   0.6   4.5   3   2   0   3   3   2   1 -
rna-XM_036504417.1   -          SET                  PF00856      8.5e-19   68.9   9.0   1.6e-17   64.8   0.6   4.5   3   2   0   3   3   2   1 -
rna-XM_036504418.1   -          SET                  PF00856        9e-19   68.9   9.0   1.6e-17   64.8   0.6   4.5   3   2   0   3   3   2   1 -
rna-XM_029788736.2   -          SET                  PF00856      5.5e-13   50.3   4.1   5.2e-12   47.1   4.1   2.3   1   1   0   1   1   1   1 -
rna-XM_036499413.1   -          SET                  PF00856      3.3e-12   47.7   0.0   1.3e-11   45.8   0.0   2.2   1   0   0   1   1   1   1 -
rna-XM_036499411.1   -          SET                  PF00856      3.4e-12   47.7   0.0   1.4e-11   45.8   0.0   2.2   1   0   0   1   1   1   1 -
rna-XM_036499412.1   -          SET                  PF00856      3.4e-12   47.7   0.0   1.4e-11   45.8   0.0   2.2   1   0   0   1   1   1   1 -
rna-XM_029800216.2   -          SET                  PF00856      3.5e-12   47.7   0.0   1.4e-11   45.8   0.0   2.1   1   0   0   1   1   1   1 -
rna-XM_029795452.2   -          SET                  PF00856      1.1e-11   46.1   0.0   3.4e-11   44.5   0.0   1.9   1   0   0   1   1   1   1 -
rna-XM_029797000.2   -          SET                  PF00856      2.6e-11   44.8   0.2   1.3e-10   42.6   0.1   2.4   2   0   0   2   2   1   1 -
rna-XM_036502955.1   -          SET                  PF00856      6.9e-11   43.5   0.1   6.9e-11   43.5   0.1   2.6   2   1   0   2   2   2   1 -
rna-XM_029791408.2   -          SET                  PF00856      8.5e-11   43.2   0.1   5.3e-09   37.4   0.0   3.1   2   1   0   2   2   1   1 -
rna-XM_029780227.2   -          SET                  PF00856      1.5e-10   42.5   0.1   1.5e-10   42.5   0.1   3.2   3   1   0   3   3   2   1 -
rna-XM_029797018.2   -          SET                  PF00856      6.3e-10   40.4   1.8     1e-09   39.7   0.0   2.4   2   1   0   2   2   1   1 -
rna-XM_036502980.1   -          SET                  PF00856      5.1e-09   37.5   0.0   3.7e-08   34.7   0.0   2.3   1   1   0   1   1   1   1 -
rna-XM_029780665.2   -          SET                  PF00856      6.7e-09   37.1   0.0     5e-08   34.3   0.0   2.4   1   1   0   1   1   1   1 -
rna-XM_029786528.2   -          SET                  PF00856      1.2e-08   36.3   0.2   4.3e-08   34.5   0.1   2.0   2   0   0   2   2   1   1 -
rna-XM_029790603.2   -          SET                  PF00856      3.8e-08   34.7   1.8   3.8e-08   34.7   1.8   3.3   3   2   0   3   3   1   1 -
rna-XM_029790604.2   -          SET                  PF00856      3.8e-08   34.7   1.8   3.8e-08   34.7   1.8   3.3   3   2   0   3   3   1   1 -
rna-XM_036509899.1   -          SET                  PF00856      3.8e-08   34.7   1.8   3.8e-08   34.7   1.8   3.3   3   2   0   3   3   1   1 -
rna-XM_036500986.1   -          SET                  PF00856      1.2e-07   33.1   0.1   2.5e-06   28.9   0.1   2.7   1   1   0   1   1   1   1 -
rna-XM_029778576.2   -          SET                  PF00856      1.2e-07   33.0   0.1   2.5e-06   28.9   0.1   2.7   1   1   0   1   1   1   1 -
rna-XM_029784241.2   -          SET                  PF00856      9.7e-07   30.2   1.9   4.2e-05   24.9   0.0   2.6   2   0   0   2   2   2   1 -
rna-XM_029789664.2   -          SET                  PF00856      1.3e-06   29.7   0.0   1.5e-05   26.4   0.0   2.5   2   0   0   2   2   2   1 -
rna-XM_036508661.1   -          SET                  PF00856      1.3e-06   29.7   0.0   1.5e-05   26.4   0.0   2.5   2   0   0   2   2   2   1 -
rna-XM_029780512.2   -          SET                  PF00856      5.6e-06   27.7   0.2   5.6e-06   27.7   0.2   2.6   2   1   0   2   2   1   1 -
rna-XM_036503354.1   -          SET                  PF00856      5.6e-06   27.7   0.2   5.6e-06   27.7   0.2   2.6   2   1   0   2   2   1   1 -
rna-XM_036503355.1   -          SET                  PF00856      5.6e-06   27.7   0.2   5.6e-06   27.7   0.2   2.6   2   1   0   2   2   1   1 -
rna-XM_036512210.1   -          SET                  PF00856      1.1e-05   26.8   0.1   1.1e-05   26.8   0.1   2.2   2   1   0   2   2   1   1 -
rna-XM_029802476.2   -          SET                  PF00856      1.4e-05   26.5   0.0     4e-05   25.0   0.0   1.8   1   0   0   1   1   1   1 -
rna-XM_029794484.2   -          SET                  PF00856      4.5e-05   24.8   0.0   0.00012   23.5   0.0   1.8   1   1   0   1   1   1   1 -
rna-XM_029794485.2   -          SET                  PF00856      4.5e-05   24.8   0.0   0.00012   23.5   0.0   1.8   1   1   0   1   1   1   1 -
rna-XM_036512714.1   -          SET                  PF00856      4.5e-05   24.8   0.0   0.00012   23.5   0.0   1.8   1   1   0   1   1   1   1 -
rna-XM_036512715.1   -          SET                  PF00856      4.5e-05   24.8   0.0   0.00012   23.5   0.0   1.8   1   1   0   1   1   1   1 -
rna-XM_029793930.2   -          SET                  PF00856       0.0011   20.4   0.1    0.0011   20.4   0.1   5.4   5   2   0   5   5   3   1 -
rna-XM_036512121.1   -          SET                  PF00856       0.0035   18.8   0.0    0.0035   18.8   0.0   3.4   3   1   0   3   3   1   1 -
rna-XM_036512122.1   -          SET                  PF00856       0.0035   18.8   0.0    0.0035   18.8   0.0   3.4   3   1   0   3   3   1   1 -
rna-XM_036505569.1   -          SET                  PF00856       0.0094   17.4   0.0      0.11   13.9   0.0   2.4   1   1   0   1   1   1   1 -
rna-XM_036505568.1   -          SET                  PF00856        0.011   17.2   0.0      0.13   13.7   0.0   2.4   1   1   0   1   1   1   0 -
rna-XM_029798095.1   -          SET                  PF00856        0.017   16.6   0.1      0.03   15.7   0.1   1.6   1   1   0   1   1   1   0 -
rna-XM_029793417.2   -          SET                  PF00856        0.017   16.5   2.1     0.068   14.6   0.4   2.7   1   1   1   2   2   1   0 -
rna-XM_029779787.2   -          SET                  PF00856        0.033   15.6   2.5      0.04   15.3   0.0   2.3   2   1   0   2   2   1   0 -
rna-XM_036509979.1   -          SET                  PF00856         0.25   12.8   0.3       1.5   10.3   0.0   2.3   2   1   0   2   2   2   0 -
rna-XM_029778894.2   -          Acetyltransf_1       PF00583      6.4e-20   72.5   0.0   9.5e-20   72.0   0.0   1.3   1   0   0   1   1   1   1 -
rna-XM_029786995.2   -          Acetyltransf_1       PF00583      8.6e-20   72.1   0.0   1.1e-19   71.7   0.0   1.1   1   0   0   1   1   1   1 -
rna-XM_029786994.2   -          Acetyltransf_1       PF00583      9.3e-19   68.8   0.0   1.2e-18   68.4   0.0   1.2   1   0   0   1   1   1   1 -
rna-XM_036507041.1   -          Acetyltransf_1       PF00583      9.3e-19   68.8   0.0   1.2e-18   68.4   0.0   1.2   1   0   0   1   1   1   1 -
rna-XM_036510798.1   -          Acetyltransf_1       PF00583      1.3e-17   65.1   0.1   1.7e-17   64.7   0.1   1.1   1   0   0   1   1   1   1 -
rna-XM_029782386.2   -          Acetyltransf_1       PF00583      5.7e-17   63.0   0.0   7.5e-17   62.6   0.0   1.2   1   0   0   1   1   1   1 -
rna-XM_029801683.1   -          Acetyltransf_1       PF00583        2e-16   61.3   0.1   4.8e-16   60.0   0.1   1.6   1   1   0   1   1   1   1 -
rna-XM_029785708.2   -          Acetyltransf_1       PF00583      1.1e-13   52.5   0.5   5.4e-13   50.2   0.1   2.4   2   0   0   2   2   2   1 -
rna-XM_029785707.2   -          Acetyltransf_1       PF00583      1.1e-13   52.5   0.5   5.4e-13   50.2   0.1   2.4   2   0   0   2   2   2   1 -
rna-XM_036506265.1   -          Acetyltransf_1       PF00583      1.5e-13   52.0   0.1   4.5e-13   50.5   0.1   1.8   1   0   0   1   1   1   1 -
rna-XM_029786181.2   -          Acetyltransf_1       PF00583      2.9e-13   51.1   0.0   3.5e-13   50.8   0.0   1.1   1   0   0   1   1   1   1 -
rna-XM_029786180.2   -          Acetyltransf_1       PF00583      3.3e-13   50.9   0.1   4.1e-13   50.6   0.1   1.2   1   0   0   1   1   1   1 -
rna-XM_029787298.2   -          Acetyltransf_1       PF00583      1.7e-12   48.6   0.0   2.2e-12   48.3   0.0   1.2   1   0   0   1   1   1   1 -
rna-XM_029780179.2   -          Acetyltransf_1       PF00583      2.2e-12   48.2   0.0   4.7e-12   47.2   0.0   1.5   1   0   0   1   1   1   1 -
rna-XM_036503275.1   -          Acetyltransf_1       PF00583      2.3e-12   48.2   0.0   4.8e-12   47.1   0.0   1.5   1   0   0   1   1   1   1 -
rna-XM_029780178.2   -          Acetyltransf_1       PF00583      2.4e-12   48.1   0.0   5.1e-12   47.1   0.0   1.5   1   0   0   1   1   1   1 -
rna-XM_029780177.2   -          Acetyltransf_1       PF00583      2.4e-12   48.1   0.0   5.4e-12   47.0   0.0   1.6   1   0   0   1   1   1   1 -
rna-XM_036503274.1   -          Acetyltransf_1       PF00583      2.5e-12   48.0   0.0   5.8e-12   46.9   0.0   1.6   1   0   0   1   1   1   1 -
rna-XM_036503273.1   -          Acetyltransf_1       PF00583      2.7e-12   48.0   0.0   5.9e-12   46.8   0.0   1.6   1   0   0   1   1   1   1 -
rna-XM_029780176.2   -          Acetyltransf_1       PF00583        3e-12   47.8   0.0   6.9e-12   46.6   0.0   1.6   1   0   0   1   1   1   1 -
rna-XM_036513823.1   -          Acetyltransf_1       PF00583      1.5e-11   45.6   0.0   2.3e-11   44.9   0.0   1.3   1   0   0   1   1   1   1 -
rna-XM_029795695.2   -          Acetyltransf_1       PF00583      1.7e-11   45.4   0.0   2.6e-11   44.8   0.0   1.3   1   0   0   1   1   1   1 -
rna-XM_029795694.2   -          Acetyltransf_1       PF00583      1.7e-11   45.4   0.0   2.7e-11   44.7   0.0   1.3   1   0   0   1   1   1   1 -
rna-XM_029800479.1   -          Acetyltransf_1       PF00583      5.4e-11   43.8   0.0   7.8e-11   43.2   0.0   1.2   1   0   0   1   1   1   1 -
rna-XM_036500072.1   -          Acetyltransf_1       PF00583      1.1e-10   42.7   0.0   1.7e-10   42.1   0.0   1.3   1   0   0   1   1   1   1 -
rna-XM_029779878.2   -          Acetyltransf_1       PF00583      2.9e-10   41.4   0.0   7.2e-10   40.1   0.0   1.6   1   1   0   1   1   1   1 -
rna-XM_029787157.2   -          Acetyltransf_1       PF00583      2.8e-09   38.2   0.0     4e-09   37.7   0.0   1.2   1   0   0   1   1   1   1 -
rna-XM_036507227.1   -          Acetyltransf_1       PF00583      3.3e-09   38.0   0.0   4.9e-09   37.5   0.0   1.3   1   0   0   1   1   1   1 -
rna-XM_036507228.1   -          Acetyltransf_1       PF00583      4.7e-09   37.5   0.0   6.7e-09   37.0   0.0   1.2   1   0   0   1   1   1   1 -
rna-XM_029785773.2   -          Acetyltransf_1       PF00583        3e-07   31.7   0.0   4.1e-07   31.2   0.0   1.2   1   0   0   1   1   1   1 -
rna-XM_036514671.1   -          Acetyltransf_1       PF00583      2.5e-06   28.7   0.2   7.5e-05   24.0   0.0   2.6   3   0   0   3   3   2   1 -
rna-XM_036514670.1   -          Acetyltransf_1       PF00583      2.9e-06   28.5   0.2   8.1e-05   23.8   0.0   2.6   3   0   0   3   3   2   1 -
rna-XM_036504313.1   -          Acetyltransf_1       PF00583      3.1e-05   25.2   0.0   5.3e-05   24.4   0.0   1.4   1   0   0   1   1   1   1 -
rna-XM_029787299.2   -          Acetyltransf_1       PF00583      0.00018   22.7   0.0   0.00024   22.3   0.0   1.2   1   0   0   1   1   1   1 -
rna-XM_029778349.2   -          Acetyltransf_1       PF00583       0.0013   20.0   0.0    0.0016   19.6   0.0   1.2   1   0   0   1   1   1   1 -
rna-XM_029778331.2   -          Acetyltransf_1       PF00583       0.0016   19.7   0.0    0.0021   19.3   0.0   1.2   1   0   0   1   1   1   1 -
rna-XM_029778341.2   -          Acetyltransf_1       PF00583       0.0022   19.3   0.0    0.0028   18.9   0.0   1.2   1   0   0   1   1   1   1 -
rna-XM_029777574.2   -          Acetyltransf_1       PF00583       0.0022   19.2   0.0    0.0081   17.4   0.0   1.9   1   0   0   1   1   1   1 -
rna-XM_036511830.1   -          Acetyltransf_1       PF00583       0.0033   18.6   0.0    0.0069   17.6   0.0   1.5   1   0   0   1   1   1   1 -
rna-XM_029799897.1   -          Acetyltransf_1       PF00583       0.0039   18.4   0.0    0.0058   17.9   0.0   1.3   1   0   0   1   1   1   1 -
rna-XM_029793344.2   -          Acetyltransf_1       PF00583       0.0049   18.1   0.0      0.01   17.1   0.0   1.5   1   0   0   1   1   1   1 -
rna-XM_029793343.2   -          Acetyltransf_1       PF00583       0.0051   18.1   0.0     0.011   17.0   0.0   1.5   1   0   0   1   1   1   1 -
rna-XM_029792243.2   -          Acetyltransf_1       PF00583       0.0079   17.4   0.2     0.019   16.2   0.2   1.7   1   1   0   1   1   1   1 -
rna-XM_029780861.2   -          Acetyltransf_1       PF00583       0.0082   17.4   0.0     0.017   16.4   0.0   1.5   1   0   0   1   1   1   1 -
rna-XM_036501237.1   -          Acetyltransf_1       PF00583        0.022   16.0   0.0     0.044   15.0   0.0   1.5   1   0   0   1   1   1   0 -
rna-XM_029778440.2   -          Acetyltransf_1       PF00583        0.028   15.7   0.0     0.057   14.7   0.0   1.5   1   0   0   1   1   1   0 -
rna-XM_029778439.2   -          Acetyltransf_1       PF00583        0.034   15.4   0.0      0.07   14.4   0.0   1.5   1   0   0   1   1   1   0 -
rna-XM_029793746.2   -          Acetyltransf_1       PF00583        0.057   14.7   0.0      0.12   13.7   0.0   1.5   1   1   0   1   1   1   0 -
rna-XM_029789265.2   -          Acetyltransf_1       PF00583         0.16   13.2   0.0      0.21   12.8   0.0   1.3   1   0   0   1   1   1   0 -
rna-XM_036509698.1   -          PWWP                 PF00855      3.4e-34  118.2   9.2   1.6e-22   80.8   0.1   4.1   3   0   0   3   3   3   2 -
rna-XM_029789814.2   -          PWWP                 PF00855      4.2e-34  117.9   9.2   1.7e-22   80.7   0.1   4.1   3   0   0   3   3   3   2 -
rna-XM_029789813.2   -          PWWP                 PF00855      5.1e-34  117.6   9.2   1.8e-22   80.6   0.1   4.0   3   0   0   3   3   3   2 -
rna-XM_029789809.2   -          PWWP                 PF00855      5.1e-34  117.6   9.2   1.8e-22   80.6   0.1   4.0   3   0   0   3   3   3   2 -
rna-XM_029789810.2   -          PWWP                 PF00855      5.1e-34  117.6   9.2   1.8e-22   80.6   0.1   4.0   3   0   0   3   3   3   2 -
rna-XM_029789812.2   -          PWWP                 PF00855      5.1e-34  117.6   9.2   1.8e-22   80.6   0.1   4.0   3   0   0   3   3   3   2 -
rna-XM_036509695.1   -          PWWP                 PF00855      5.1e-34  117.6   9.2   1.8e-22   80.6   0.1   4.0   3   0   0   3   3   3   2 -
rna-XM_036509696.1   -          PWWP                 PF00855      5.1e-34  117.6   9.2   1.8e-22   80.6   0.1   4.0   3   0   0   3   3   3   2 -
rna-XM_036509697.1   -          PWWP                 PF00855      5.1e-34  117.6   9.2   1.8e-22   80.6   0.1   4.0   3   0   0   3   3   3   2 -
rna-XM_029790555.2   -          PWWP                 PF00855      2.1e-21   77.2   4.5   2.1e-11   45.1   0.3   3.0   2   0   0   2   2   2   2 -
rna-XM_029790556.2   -          PWWP                 PF00855      2.1e-21   77.2   4.5   2.1e-11   45.1   0.3   3.0   2   0   0   2   2   2   2 -
rna-XM_036509900.1   -          PWWP                 PF00855      2.1e-21   77.2   4.5   2.1e-11   45.1   0.3   3.0   2   0   0   2   2   2   2 -
rna-XM_029792816.2   -          PWWP                 PF00855      8.1e-18   65.7   0.2     3e-17   63.9   0.2   2.0   1   0   0   1   1   1   1 -
rna-XM_029792815.2   -          PWWP                 PF00855      9.6e-18   65.5   0.2   3.3e-17   63.7   0.2   2.0   1   0   0   1   1   1   1 -
rna-XM_029779535.2   -          PWWP                 PF00855      1.3e-16   61.8   2.2   2.6e-16   60.9   0.7   2.4   2   0   0   2   2   1   1 -
rna-XM_029786221.2   -          PWWP                 PF00855      3.8e-16   60.3   2.6   4.9e-16   60.0   0.1   2.6   2   0   0   2   2   1   1 -
rna-XM_029791334.2   -          PWWP                 PF00855      6.3e-16   59.6   0.1   2.2e-15   57.9   0.1   2.1   1   0   0   1   1   1   1 -
rna-XM_029791335.2   -          PWWP                 PF00855      6.3e-16   59.6   0.1   2.2e-15   57.9   0.1   2.1   1   0   0   1   1   1   1 -
rna-XM_036513392.1   -          PWWP                 PF00855        2e-14   54.8   0.5     2e-14   54.8   0.5   5.6   4   2   3   7   7   2   1 -
rna-XM_036513806.1   -          PWWP                 PF00855      6.1e-13   50.1   0.1   2.3e-12   48.2   0.1   2.1   1   0   0   1   1   1   1 -
rna-XM_036513805.1   -          PWWP                 PF00855      6.9e-13   49.9   0.1   2.6e-12   48.1   0.1   2.1   1   0   0   1   1   1   1 -
rna-XM_036513804.1   -          PWWP                 PF00855      6.9e-13   49.9   0.1   2.6e-12   48.0   0.1   2.1   1   0   0   1   1   1   1 -
rna-XM_036513803.1   -          PWWP                 PF00855      6.9e-13   49.9   0.1   2.6e-12   48.0   0.1   2.1   1   0   0   1   1   1   1 -
rna-XM_029789778.2   -          PWWP                 PF00855        1e-12   49.4   0.1     1e-12   49.4   0.1   6.3   6   1   1   7   7   1   1 -
rna-XM_029793689.2   -          PWWP                 PF00855      2.3e-12   48.2   0.1   2.3e-12   48.2   0.1   3.2   3   0   0   3   3   2   1 -
rna-XM_036505720.1   -          PWWP                 PF00855      1.2e-10   42.8   0.1   2.4e-10   41.7   0.1   1.6   1   0   0   1   1   1   1 -
rna-XM_036505719.1   -          PWWP                 PF00855      3.2e-10   41.4   0.1   3.2e-10   41.4   0.1   2.4   2   0   0   2   2   2   1 -
rna-XM_036505718.1   -          PWWP                 PF00855      3.2e-10   41.3   0.1   3.2e-10   41.3   0.1   2.4   2   0   0   2   2   2   1 -
rna-XM_029785240.2   -          PWWP                 PF00855      3.2e-10   41.3   0.1   3.2e-10   41.3   0.1   2.4   2   0   0   2   2   2   1 -
rna-XM_036505714.1   -          PWWP                 PF00855      3.2e-10   41.3   0.1   3.2e-10   41.3   0.1   2.4   2   0   0   2   2   2   1 -
rna-XM_036505715.1   -          PWWP                 PF00855      3.2e-10   41.3   0.1   3.2e-10   41.3   0.1   2.4   2   0   0   2   2   2   1 -
rna-XM_036505716.1   -          PWWP                 PF00855      3.2e-10   41.3   0.1   3.2e-10   41.3   0.1   2.4   2   0   0   2   2   2   1 -
rna-XM_036505717.1   -          PWWP                 PF00855      3.2e-10   41.3   0.1   3.2e-10   41.3   0.1   2.4   2   0   0   2   2   2   1 -
rna-XM_029778802.2   -          PWWP                 PF00855      9.5e-10   39.8   0.3   7.7e-09   36.9   0.3   2.7   1   0   0   1   1   1   1 -
rna-XM_036502322.1   -          PWWP                 PF00855      9.6e-10   39.8   0.3   7.7e-09   36.9   0.3   2.7   1   0   0   1   1   1   1 -
rna-XM_029778800.2   -          PWWP                 PF00855      9.8e-10   39.8   0.3   7.8e-09   36.9   0.3   2.7   1   0   0   1   1   1   1 -
rna-XM_029778801.2   -          PWWP                 PF00855      9.8e-10   39.8   0.3   7.8e-09   36.9   0.3   2.7   1   0   0   1   1   1   1 -
rna-XM_029778799.2   -          PWWP                 PF00855        1e-09   39.7   0.3     8e-09   36.9   0.3   2.7   1   0   0   1   1   1   1 -
rna-XM_029778798.2   -          PWWP                 PF00855        1e-09   39.7   0.3     8e-09   36.9   0.3   2.7   1   0   0   1   1   1   1 -
rna-XM_036502321.1   -          PWWP                 PF00855      1.2e-09   39.5   0.3   7.8e-09   36.9   0.3   2.5   1   0   0   1   1   1   1 -
rna-XM_029785353.2   -          PWWP                 PF00855      2.6e-07   32.0   0.7   1.3e-06   29.8   0.0   2.7   2   0   0   2   2   1   1 -
rna-XM_029785352.2   -          PWWP                 PF00855      1.4e-06   29.6   0.0   1.4e-06   29.6   0.0   3.2   3   0   0   3   3   2   1 -
rna-XM_036506484.1   -          PWWP                 PF00855      1.4e-06   29.6   0.0   1.4e-06   29.6   0.0   3.2   3   0   0   3   3   2   1 -
rna-XM_029785351.2   -          PWWP                 PF00855      1.4e-06   29.6   0.0   1.4e-06   29.6   0.0   3.2   3   0   0   3   3   2   1 -
rna-XM_029785350.2   -          PWWP                 PF00855      1.4e-06   29.6   0.0   1.4e-06   29.6   0.0   3.2   3   0   0   3   3   2   1 -
rna-XM_029790526.2   -          PWWP                 PF00855         0.02   16.3   0.1        17    7.0   0.0   2.7   2   0   0   2   2   2   0 -
rna-XM_029801344.2   -          Ependymin            PF00811      4.4e-14   53.7   0.1   5.4e-14   53.4   0.1   1.1   1   0   0   1   1   1   1 -
rna-XM_029796411.2   -          Ependymin            PF00811      5.6e-13   50.1   0.4   8.4e-13   49.6   0.4   1.3   1   0   0   1   1   1   1 -
rna-XM_029786358.2   -          Ependymin            PF00811         0.72   11.0   0.1      0.72   11.0   0.1   2.7   3   1   0   3   3   3   0 -
rna-XM_036514796.1   -          Bromodomain          PF00439      4.5e-61  203.8  15.3   7.2e-21   74.9   0.2   3.3   3   0   0   3   3   3   3 -
rna-XM_036514991.1   -          Bromodomain          PF00439      1.7e-50  169.9   9.8   1.1e-21   77.6   0.4   3.5   3   0   0   3   3   3   3 -
rna-XM_036514992.1   -          Bromodomain          PF00439      1.7e-50  169.9   9.8   1.1e-21   77.6   0.4   3.5   3   0   0   3   3   3   3 -
rna-XM_036514990.1   -          Bromodomain          PF00439      1.7e-50  169.9   9.8   1.1e-21   77.6   0.4   3.5   3   0   0   3   3   3   3 -
rna-XM_029793393.2   -          Bromodomain          PF00439      7.1e-44  148.7   1.2   8.6e-21   74.7   0.1   2.5   2   0   0   2   2   2   2 -
rna-XM_029793391.2   -          Bromodomain          PF00439      7.2e-44  148.6   1.2   8.7e-21   74.7   0.1   2.5   2   0   0   2   2   2   2 -
rna-XM_029802597.2   -          Bromodomain          PF00439      2.3e-43  147.0   3.4   1.2e-21   77.5   0.3   2.5   2   0   0   2   2   2   2 -
rna-XM_029802596.2   -          Bromodomain          PF00439      2.4e-43  147.0   3.4   1.2e-21   77.5   0.3   2.6   2   0   0   2   2   2   2 -
rna-XM_029802595.2   -          Bromodomain          PF00439      2.5e-43  146.9   3.4   1.2e-21   77.4   0.3   2.6   2   0   0   2   2   2   2 -
rna-XM_036499122.1   -          Bromodomain          PF00439      2.5e-43  146.9   3.4   1.2e-21   77.4   0.3   2.6   2   0   0   2   2   2   2 -
rna-XM_029802594.2   -          Bromodomain          PF00439      2.6e-43  146.9   3.4   1.2e-21   77.4   0.3   2.6   2   0   0   2   2   2   2 -
rna-XM_029788216.2   -          Bromodomain          PF00439      1.4e-39  134.9  10.8   3.3e-21   76.0   1.3   3.5   3   0   0   3   3   2   2 -
rna-XM_029788215.2   -          Bromodomain          PF00439      1.4e-39  134.8  10.8   3.4e-21   76.0   1.3   3.5   3   0   0   3   3   2   2 -
rna-XM_036508306.1   -          Bromodomain          PF00439      1.4e-39  134.8  10.8   3.4e-21   76.0   1.3   3.5   3   0   0   3   3   2   2 -
rna-XM_036508307.1   -          Bromodomain          PF00439      1.4e-39  134.8  10.8   3.4e-21   76.0   1.3   3.5   3   0   0   3   3   2   2 -
rna-XM_029786221.2   -          Bromodomain          PF00439      5.4e-26   91.4   0.2   1.2e-25   90.2   0.2   1.6   1   0   0   1   1   1   1 -
rna-XM_029779921.2   -          Bromodomain          PF00439      6.4e-26   91.1   0.3   1.4e-25   90.0   0.3   1.6   1   0   0   1   1   1   1 -
rna-XM_029779920.2   -          Bromodomain          PF00439      6.4e-26   91.1   0.3   1.4e-25   90.0   0.3   1.6   1   0   0   1   1   1   1 -
rna-XM_029779918.2   -          Bromodomain          PF00439      6.4e-26   91.1   0.3   1.4e-25   90.0   0.3   1.6   1   0   0   1   1   1   1 -
rna-XM_029779917.2   -          Bromodomain          PF00439      6.4e-26   91.1   0.3   1.4e-25   90.0   0.3   1.6   1   0   0   1   1   1   1 -
rna-XM_029779916.2   -          Bromodomain          PF00439      6.4e-26   91.1   0.3   1.4e-25   90.0   0.3   1.6   1   0   0   1   1   1   1 -
rna-XM_036513450.1   -          Bromodomain          PF00439      2.9e-24   85.8   0.5   8.4e-24   84.3   0.5   1.9   1   0   0   1   1   1   1 -
rna-XM_029795004.2   -          Bromodomain          PF00439      2.9e-24   85.8   0.5   8.5e-24   84.3   0.5   1.9   1   0   0   1   1   1   1 -
rna-XM_036508866.1   -          Bromodomain          PF00439      2.2e-23   83.0   0.2   5.2e-23   81.8   0.2   1.6   1   0   0   1   1   1   1 -
rna-XM_036508865.1   -          Bromodomain          PF00439      2.2e-23   83.0   0.2   5.2e-23   81.8   0.2   1.6   1   0   0   1   1   1   1 -
rna-XM_029785708.2   -          Bromodomain          PF00439      4.6e-23   82.0   1.1   1.2e-22   80.7   1.1   1.7   1   0   0   1   1   1   1 -
rna-XM_029785707.2   -          Bromodomain          PF00439      4.7e-23   81.9   1.1   1.2e-22   80.7   1.1   1.7   1   0   0   1   1   1   1 -
rna-XM_029778802.2   -          Bromodomain          PF00439        5e-23   81.8   0.1   2.3e-22   79.7   0.1   2.2   2   0   0   2   2   1   1 -
rna-XM_036502322.1   -          Bromodomain          PF00439        5e-23   81.8   0.1   2.3e-22   79.7   0.1   2.2   2   0   0   2   2   1   1 -
rna-XM_029778800.2   -          Bromodomain          PF00439      5.1e-23   81.8   0.1   2.4e-22   79.7   0.1   2.2   2   0   0   2   2   1   1 -
rna-XM_029778801.2   -          Bromodomain          PF00439      5.1e-23   81.8   0.1   2.4e-22   79.7   0.1   2.2   2   0   0   2   2   1   1 -
rna-XM_036502321.1   -          Bromodomain          PF00439      5.3e-23   81.8   0.1   2.4e-22   79.7   0.1   2.2   2   0   0   2   2   1   1 -
rna-XM_029778799.2   -          Bromodomain          PF00439      5.3e-23   81.8   0.1   2.4e-22   79.7   0.1   2.2   2   0   0   2   2   1   1 -
rna-XM_029778798.2   -          Bromodomain          PF00439      5.3e-23   81.8   0.1   2.4e-22   79.6   0.1   2.2   2   0   0   2   2   1   1 -
rna-XM_036511455.1   -          Bromodomain          PF00439      1.4e-21   77.2   0.0   2.3e-21   76.5   0.0   1.3   1   0   0   1   1   1   1 -
rna-XM_029790970.2   -          Bromodomain          PF00439      3.1e-20   72.9   0.5     1e-19   71.2   0.5   2.0   1   0   0   1   1   1   1 -
rna-XM_029790969.2   -          Bromodomain          PF00439      3.1e-20   72.9   0.5     1e-19   71.2   0.5   2.0   1   0   0   1   1   1   1 -
rna-XM_029790968.2   -          Bromodomain          PF00439      3.1e-20   72.9   0.5   1.1e-19   71.2   0.5   2.0   1   0   0   1   1   1   1 -
rna-XM_029790966.2   -          Bromodomain          PF00439      3.1e-20   72.9   0.5   1.1e-19   71.2   0.5   2.0   1   0   0   1   1   1   1 -
rna-XM_029790965.2   -          Bromodomain          PF00439      3.1e-20   72.9   0.5   1.1e-19   71.2   0.5   2.0   1   0   0   1   1   1   1 -
rna-XM_029790962.2   -          Bromodomain          PF00439      3.1e-20   72.9   0.5   1.1e-19   71.2   0.5   2.0   1   0   0   1   1   1   1 -
rna-XM_029790963.2   -          Bromodomain          PF00439      3.1e-20   72.9   0.5   1.1e-19   71.2   0.5   2.0   1   0   0   1   1   1   1 -
rna-XM_029790964.2   -          Bromodomain          PF00439      3.1e-20   72.9   0.5   1.1e-19   71.2   0.5   2.0   1   0   0   1   1   1   1 -
rna-XM_036510466.1   -          Bromodomain          PF00439      3.1e-20   72.9   0.5   1.1e-19   71.2   0.5   2.0   1   0   0   1   1   1   1 -
rna-XM_036510467.1   -          Bromodomain          PF00439      3.1e-20   72.9   0.5   1.1e-19   71.2   0.5   2.0   1   0   0   1   1   1   1 -
rna-XM_036510468.1   -          Bromodomain          PF00439      3.1e-20   72.9   0.5   1.1e-19   71.2   0.5   2.0   1   0   0   1   1   1   1 -
rna-XM_036510469.1   -          Bromodomain          PF00439      3.1e-20   72.9   0.5   1.1e-19   71.2   0.5   2.0   1   0   0   1   1   1   1 -
rna-XM_029790967.2   -          Bromodomain          PF00439      3.6e-20   72.7   0.5   1.1e-19   71.2   0.5   1.9   1   0   0   1   1   1   1 -
rna-XM_029790454.2   -          Bromodomain          PF00439      1.1e-19   71.1   0.4   2.9e-19   69.8   0.4   1.8   1   0   0   1   1   1   1 -
rna-XM_029790453.2   -          Bromodomain          PF00439      1.1e-19   71.1   0.4   2.9e-19   69.8   0.4   1.8   1   0   0   1   1   1   1 -
rna-XM_036509818.1   -          Bromodomain          PF00439      1.1e-19   71.1   0.4   2.9e-19   69.8   0.4   1.8   1   0   0   1   1   1   1 -
rna-XM_036509819.1   -          Bromodomain          PF00439      1.1e-19   71.1   0.4   2.9e-19   69.8   0.4   1.8   1   0   0   1   1   1   1 -
rna-XM_036498873.1   -          Bromodomain          PF00439      2.5e-19   70.0   0.1     6e-19   68.8   0.1   1.7   1   0   0   1   1   1   1 -
rna-XM_029781743.2   -          Bromodomain          PF00439      2.5e-19   70.0   0.6   2.5e-19   70.0   0.6   1.8   2   0   0   2   2   1   1 -
rna-XM_029792524.2   -          Bromodomain          PF00439      2.5e-19   70.0   0.4   7.1e-19   68.5   0.4   1.8   1   0   0   1   1   1   1 -
rna-XM_036503998.1   -          Bromodomain          PF00439      2.6e-19   70.0   0.6   2.6e-19   70.0   0.6   1.8   2   0   0   2   2   1   1 -
rna-XM_029788385.2   -          Bromodomain          PF00439      1.9e-18   67.2   0.0   5.9e-18   65.6   0.0   1.9   1   0   0   1   1   1   1 -
rna-XM_036508429.1   -          Bromodomain          PF00439      1.9e-18   67.2   0.0   6.1e-18   65.6   0.0   1.9   1   0   0   1   1   1   1 -
rna-XM_036508430.1   -          Bromodomain          PF00439      1.9e-18   67.2   0.0     6e-18   65.6   0.0   1.9   1   0   0   1   1   1   1 -
rna-XM_029788384.2   -          Bromodomain          PF00439      1.9e-18   67.2   0.0     6e-18   65.6   0.0   1.9   1   0   0   1   1   1   1 -
rna-XM_029788381.2   -          Bromodomain          PF00439      1.9e-18   67.2   0.0   6.1e-18   65.6   0.0   1.9   1   0   0   1   1   1   1 -
rna-XM_029788382.2   -          Bromodomain          PF00439      1.9e-18   67.2   0.0   6.1e-18   65.6   0.0   1.9   1   0   0   1   1   1   1 -
rna-XM_029788383.2   -          Bromodomain          PF00439        2e-18   67.1   0.0   6.1e-18   65.6   0.0   1.8   1   0   0   1   1   1   1 -
rna-XM_036510017.1   -          Bromodomain          PF00439      9.7e-16   58.5   0.2   2.8e-15   57.0   0.2   1.8   1   0   0   1   1   1   1 -
rna-XM_036510016.1   -          Bromodomain          PF00439        1e-15   58.4   0.2   2.9e-15   57.0   0.2   1.8   1   0   0   1   1   1   1 -
rna-XM_029790339.2   -          Bromodomain          PF00439        1e-15   58.4   0.2   2.9e-15   57.0   0.2   1.8   1   0   0   1   1   1   1 -
rna-XM_036510015.1   -          Bromodomain          PF00439        1e-15   58.4   0.2   2.9e-15   57.0   0.2   1.8   1   0   0   1   1   1   1 -
rna-XM_036510014.1   -          Bromodomain          PF00439        1e-15   58.4   0.2   2.9e-15   57.0   0.2   1.8   1   0   0   1   1   1   1 -
rna-XM_036510013.1   -          Bromodomain          PF00439        1e-15   58.4   0.2   2.9e-15   57.0   0.2   1.8   1   0   0   1   1   1   1 -
rna-XM_036510012.1   -          Bromodomain          PF00439        1e-15   58.4   0.2   2.9e-15   57.0   0.2   1.8   1   0   0   1   1   1   1 -
rna-XM_036510011.1   -          Bromodomain          PF00439        1e-15   58.4   0.2   2.9e-15   57.0   0.2   1.8   1   0   0   1   1   1   1 -
rna-XM_036511557.1   -          Bromodomain          PF00439      1.2e-14   55.0   0.9   3.5e-14   53.5   0.4   2.1   2   0   0   2   2   1   1 -
rna-XM_029787542.2   -          Bromodomain          PF00439      4.8e-11   43.4   0.8   2.3e-10   41.3   0.8   2.3   1   0   0   1   1   1   1 -
rna-XM_029787543.2   -          Bromodomain          PF00439      4.8e-11   43.4   0.8   2.3e-10   41.3   0.8   2.3   1   0   0   1   1   1   1 -
rna-XM_029787544.2   -          Bromodomain          PF00439      4.8e-11   43.4   0.8   2.3e-10   41.3   0.8   2.3   1   0   0   1   1   1   1 -
rna-XM_029787545.2   -          Bromodomain          PF00439      4.9e-11   43.4   0.8   2.3e-10   41.3   0.8   2.3   1   0   0   1   1   1   1 -
rna-XM_036507907.1   -          Bromodomain          PF00439      4.9e-11   43.4   0.8   2.2e-10   41.3   0.8   2.3   1   0   0   1   1   1   1 -
rna-XM_036498709.1   -          Bromodomain          PF00439      8.6e-10   39.4   0.1   2.7e-09   37.9   0.0   1.9   2   0   0   2   2   1   1 -
rna-XM_029785353.2   -          Bromodomain          PF00439        1e-09   39.2   0.2   4.4e-09   37.1   0.1   2.2   2   0   0   2   2   1   1 -
rna-XM_029785350.2   -          Bromodomain          PF00439      1.2e-09   39.0   0.2   4.9e-09   37.0   0.1   2.2   2   0   0   2   2   1   1 -
rna-XM_036506484.1   -          Bromodomain          PF00439      1.2e-09   39.0   0.2   4.9e-09   37.0   0.1   2.2   2   0   0   2   2   1   1 -
rna-XM_029785352.2   -          Bromodomain          PF00439      1.2e-09   39.0   0.2   4.9e-09   37.0   0.1   2.2   2   0   0   2   2   1   1 -
rna-XM_029785351.2   -          Bromodomain          PF00439      1.2e-09   39.0   0.2   4.9e-09   37.0   0.1   2.2   2   0   0   2   2   1   1 -
rna-XM_036515497.1   -          Bromodomain          PF00439      2.4e-05   25.2   0.1   7.2e-05   23.7   0.1   1.8   1   0   0   1   1   1   1 -
rna-XM_029791781.2   -          Tautomerase          PF01361        0.098   13.5   0.0        22    6.0   0.0   2.2   2   0   0   2   2   2   0 -
rna-XM_029791838.2   -          Tautomerase          PF01361         0.25   12.2   0.0        22    6.0   0.0   2.2   2   0   0   2   2   2   0 -
rna-XM_029780832.2   -          SMC_N                PF02463      1.2e-59  202.4  47.9   1.4e-57  195.7  47.9   3.9   1   1   0   1   1   1   1 -
rna-XM_029785162.2   -          SMC_N                PF02463      1.4e-53  182.5  55.1   6.1e-52  177.2  55.1   3.7   1   1   0   1   1   1   1 -
rna-XM_029789164.2   -          SMC_N                PF02463      6.4e-50  170.6  73.2     2e-49  169.0  73.2   2.2   1   1   0   1   1   1   1 -
rna-XM_029779986.2   -          SMC_N                PF02463      2.4e-46  158.9  62.4   9.2e-45  153.7  62.4   3.8   1   1   0   1   1   1   1 -
rna-XM_029800949.1   -          SMC_N                PF02463      2.6e-26   93.4   4.5   4.6e-26   92.6   4.5   1.3   1   0   0   1   1   1   1 -
rna-XM_029786179.2   -          SMC_N                PF02463      4.6e-19   69.7  35.1   2.3e-10   41.3   1.0   3.0   2   1   0   2   2   2   2 -
rna-XM_029791215.2   -          SMC_N                PF02463      2.6e-15   57.4  22.6   1.3e-14   55.1  22.6   2.3   1   1   0   1   1   1   1 -
rna-XM_036503341.1   -          SMC_N                PF02463      5.5e-14   53.1   6.2   1.4e-05   25.6   0.3   3.8   2   2   0   2   2   2   2 -
rna-XM_029789165.2   -          SMC_N                PF02463      6.1e-14   53.0  63.2   2.1e-13   51.2  63.2   2.2   1   1   0   1   1   1   1 -
rna-XM_029785145.2   -          SMC_N                PF02463      6.2e-14   52.9   1.6   0.00027   21.4   0.0   3.9   2   2   1   4   4   4   3 -
rna-XM_029780102.2   -          SMC_N                PF02463      1.7e-13   51.5   6.6   9.4e-05   22.9   0.7   4.0   2   2   0   2   2   2   2 -
rna-XM_029782783.2   -          SMC_N                PF02463      1.4e-11   45.3   2.6   0.00063   20.2   0.6   4.1   3   1   0   3   3   3   2 -
rna-XM_029792018.2   -          SMC_N                PF02463      1.9e-11   44.8   0.0   2.8e-05   24.6   0.0   3.5   2   2   0   3   3   3   2 -
rna-XM_036512110.1   -          SMC_N                PF02463      2.3e-11   44.5   0.0   0.00012   22.5   0.0   4.0   2   2   0   2   2   2   2 -
rna-XM_029783764.2   -          SMC_N                PF02463      3.7e-11   43.9   2.1     0.026   14.9   0.1   4.3   4   0   0   4   4   4   3 -
rna-XM_036505799.1   -          SMC_N                PF02463      3.7e-11   43.9   2.1     0.026   14.9   0.1   4.3   4   0   0   4   4   4   3 -
rna-XM_029783767.2   -          SMC_N                PF02463      3.7e-11   43.9   2.1     0.026   14.9   0.1   4.3   4   0   0   4   4   4   3 -
rna-XM_036503837.1   -          SMC_N                PF02463      4.6e-10   40.3   8.2   0.00034   21.1   0.9   4.2   2   2   0   2   2   2   2 -
rna-XM_029781721.2   -          SMC_N                PF02463      4.6e-10   40.3   8.2   0.00035   21.1   0.9   4.2   2   2   0   2   2   2   2 -
rna-XM_029785684.2   -          SMC_N                PF02463      5.4e-10   40.0   0.2       0.1   13.0   0.0   4.3   4   0   0   4   4   4   3 -
rna-XM_036506781.1   -          SMC_N                PF02463      5.4e-10   40.0   0.2       0.1   13.0   0.0   4.3   4   0   0   4   4   4   3 -
rna-XM_029791577.2   -          SMC_N                PF02463      8.2e-10   39.5   2.8    0.0013   19.2   0.5   4.2   2   2   0   2   2   2   2 -
rna-XM_029791475.2   -          SMC_N                PF02463      3.5e-09   37.4   2.6   0.00074   20.0   0.0   4.5   2   2   0   2   2   2   2 -
rna-XM_036511068.1   -          SMC_N                PF02463      3.5e-09   37.4   1.9    0.0019   18.7   0.0   4.4   2   2   0   2   2   2   2 -
rna-XM_029780700.2   -          SMC_N                PF02463      6.2e-09   36.6   9.6      0.13   12.7   0.4   4.3   2   2   1   4   4   4   3 -
rna-XM_036510606.1   -          SMC_N                PF02463      6.2e-09   36.6   3.2    0.0016   18.9   0.0   4.2   2   2   1   3   3   3   2 -
rna-XM_029791580.2   -          SMC_N                PF02463      1.8e-08   35.0   0.1   6.1e-08   33.3   0.0   1.8   2   0   0   2   2   2   1 -
rna-XM_029791474.2   -          SMC_N                PF02463      1.9e-08   35.0   3.9    0.0015   19.0   0.0   4.5   2   2   1   3   3   3   2 -
rna-XM_029783655.2   -          SMC_N                PF02463      2.2e-08   34.8   0.2    0.0049   17.3   0.0   3.9   3   1   0   3   3   3   2 -
rna-XM_029783667.2   -          SMC_N                PF02463      2.2e-08   34.8   0.2    0.0049   17.3   0.0   3.9   3   1   0   3   3   3   2 -
rna-XM_036511067.1   -          SMC_N                PF02463      5.6e-08   33.5   6.0    0.0017   18.8   0.1   4.5   2   2   1   3   3   3   2 -
rna-XM_029785170.2   -          SMC_N                PF02463      6.2e-08   33.3  11.1   0.00099   19.6   0.0   4.9   3   2   1   5   5   5   2 -
rna-XM_036505865.1   -          SMC_N                PF02463      7.7e-08   33.0  11.1     0.001   19.5   0.0   4.9   3   2   1   5   5   5   2 -
rna-XM_029783319.2   -          SMC_N                PF02463      1.4e-07   32.1  16.9     0.049   14.0   0.0   4.4   4   1   0   4   4   3   3 -
rna-XM_036504869.1   -          SMC_N                PF02463      1.4e-07   32.1  16.9     0.049   14.0   0.0   4.4   4   1   0   4   4   3   3 -
rna-XM_036504870.1   -          SMC_N                PF02463      1.4e-07   32.1  16.9     0.049   14.0   0.0   4.4   4   1   0   4   4   3   3 -
rna-XM_029786165.2   -          SMC_N                PF02463      6.6e-07   30.0   0.3   1.9e-05   25.2   0.3   2.2   1   1   0   1   1   1   1 -
rna-XM_036506266.1   -          SMC_N                PF02463      6.6e-07   30.0   0.3   1.9e-05   25.2   0.3   2.2   1   1   0   1   1   1   1 -
rna-XM_029801132.2   -          SMC_N                PF02463      1.6e-06   28.7   1.0   0.00054   20.4   0.0   3.1   2   1   0   2   2   2   1 -
rna-XM_029789046.2   -          SMC_N                PF02463      2.9e-06   27.8   0.0   0.00021   21.8   0.0   2.2   1   1   1   2   2   2   1 -
rna-XM_029790311.2   -          SMC_N                PF02463        3e-06   27.8   1.6   0.00035   21.1   1.6   2.3   1   1   0   1   1   1   1 -
rna-XM_029787147.2   -          SMC_N                PF02463      6.1e-06   26.8   0.1   6.1e-06   26.8   0.1   4.3   2   1   0   3   3   2   1 -
rna-XM_036502688.1   -          SMC_N                PF02463      6.1e-06   26.8   0.1   6.1e-06   26.8   0.1   4.3   2   1   0   3   3   2   1 -
rna-XM_036502689.1   -          SMC_N                PF02463      6.1e-06   26.8   0.1   6.1e-06   26.8   0.1   4.3   2   1   0   3   3   2   1 -
rna-XM_036501673.1   -          SMC_N                PF02463      7.4e-06   26.5   1.1     0.034   14.5   0.8   2.5   2   0   0   2   2   2   2 -
rna-XM_029782288.2   -          SMC_N                PF02463      9.5e-06   26.2   5.3    0.0006   20.3   3.2   3.0   2   1   0   2   2   2   1 -
rna-XM_036503234.1   -          SMC_N                PF02463      2.3e-05   24.9   0.0      0.36   11.2   0.1   3.7   3   1   0   3   3   3   1 -
rna-XM_036503235.1   -          SMC_N                PF02463      2.3e-05   24.9   0.0      0.36   11.2   0.1   3.7   3   1   0   3   3   3   1 -
rna-XM_036511909.1   -          SMC_N                PF02463      2.5e-05   24.8  15.4      0.43   10.9   1.8   4.4   2   2   1   3   3   3   2 -
rna-XM_029793318.2   -          SMC_N                PF02463      2.7e-05   24.7  15.4      0.44   10.9   1.8   4.4   2   2   1   3   3   3   2 -
rna-XM_036511908.1   -          SMC_N                PF02463      2.8e-05   24.6  15.4      0.45   10.9   1.8   4.4   2   2   1   3   3   3   2 -
rna-XM_036511907.1   -          SMC_N                PF02463      2.8e-05   24.6  15.4      0.45   10.9   1.8   4.4   2   2   1   3   3   3   2 -
rna-XM_029782787.2   -          SMC_N                PF02463        8e-05   23.1   0.2     0.089   13.2   0.0   2.6   3   0   0   3   3   2   1 -
rna-XM_029799278.2   -          SMC_N                PF02463       0.0011   19.4   0.5      0.06   13.7   0.0   2.1   1   1   1   2   2   2   1 -
rna-XM_029801420.2   -          SMC_N                PF02463       0.0014   19.1   0.0    0.0021   18.5   0.0   1.3   1   0   0   1   1   1   1 -
rna-XM_029778866.2   -          SMC_N                PF02463       0.0036   17.7   0.0      0.44   10.9   0.0   2.4   2   0   0   2   2   2   1 -
rna-XM_036499695.1   -          SMC_N                PF02463        0.011   16.1   1.6     0.014   15.8   0.4   1.5   1   1   0   2   2   2   0 -
rna-XM_036513138.1   -          SMC_N                PF02463        0.011   16.1   0.0      0.12   12.7   0.0   2.5   2   0   0   2   2   2   0 -
rna-XM_036513141.1   -          SMC_N                PF02463        0.012   16.0   0.0      0.12   12.7   0.0   2.4   2   0   0   2   2   2   0 -
rna-XM_036513139.1   -          SMC_N                PF02463        0.012   16.0   0.0      0.12   12.7   0.0   2.4   2   0   0   2   2   2   0 -
rna-XM_036513135.1   -          SMC_N                PF02463        0.012   16.0   0.0      0.12   12.7   0.0   2.4   2   0   0   2   2   2   0 -
rna-XM_036513137.1   -          SMC_N                PF02463        0.012   16.0   0.0      0.12   12.7   0.0   2.4   2   0   0   2   2   2   0 -
rna-XM_036513133.1   -          SMC_N                PF02463        0.012   16.0   0.0      0.12   12.7   0.0   2.4   2   0   0   2   2   2   0 -
rna-XM_036513132.1   -          SMC_N                PF02463        0.012   16.0   0.0      0.13   12.7   0.0   2.4   2   0   0   2   2   2   0 -
rna-XM_036513134.1   -          SMC_N                PF02463        0.012   16.0   0.0      0.12   12.7   0.0   2.4   2   0   0   2   2   2   0 -
rna-XM_036513136.1   -          SMC_N                PF02463        0.012   16.0   0.0      0.12   12.7   0.0   2.4   2   0   0   2   2   2   0 -
rna-XM_036513140.1   -          SMC_N                PF02463        0.012   16.0   0.0      0.12   12.7   0.0   2.4   2   0   0   2   2   2   0 -
rna-XM_036514515.1   -          SMC_N                PF02463        0.067   13.6   0.0      0.19   12.1   0.0   1.6   1   0   0   1   1   1   0 -
rna-XM_029779301.2   -          SMC_N                PF02463        0.082   13.3   1.1       2.1    8.7   1.1   2.3   1   1   0   1   1   1   0 -
rna-XM_029788162.2   -          SMC_N                PF02463         0.17   12.2   0.1       0.3   11.4   0.1   1.5   1   0   0   1   1   1   0 -
rna-XM_036502685.1   -          SMC_N                PF02463         0.22   11.9   1.0      0.52   10.7   0.0   2.1   3   0   0   3   3   1   0 -
rna-XM_029781219.2   -          SMC_N                PF02463         0.23   11.9   0.9      0.55   10.6   0.0   2.0   3   0   0   3   3   1   0 -
rna-XM_029798631.1   -          SMC_N                PF02463         0.26   11.6   0.9      0.81   10.0   0.2   1.8   1   1   1   2   2   2   0 -
rna-XM_036498923.1   -          SMC_N                PF02463         0.36   11.2   0.0       0.4   11.0   0.0   1.1   1   0   0   1   1   1   0 -
rna-XM_036500999.1   -          PHD                  PF00628      2.5e-35  121.2 117.1     4e-09   37.3   8.2   8.3   7   0   0   7   7   7   6 -
rna-XM_036500998.1   -          PHD                  PF00628      3.9e-35  120.6 117.1   4.3e-09   37.2   8.2   8.5   7   0   0   7   7   7   6 -
rna-XM_036500997.1   -          PHD                  PF00628      4.1e-35  120.5 117.1   4.3e-09   37.2   8.2   8.4   7   0   0   7   7   7   6 -
rna-XM_036500996.1   -          PHD                  PF00628      4.4e-35  120.4 117.1   4.4e-09   37.2   8.2   8.4   7   0   0   7   7   7   6 -
rna-XM_036500995.1   -          PHD                  PF00628      4.4e-35  120.4 117.1   4.4e-09   37.2   8.2   8.4   7   0   0   7   7   7   6 -
rna-XM_036500994.1   -          PHD                  PF00628      4.5e-35  120.4 117.1   4.4e-09   37.2   8.2   8.4   7   0   0   7   7   7   6 -
rna-XM_036500993.1   -          PHD                  PF00628      4.5e-35  120.4 117.1   4.4e-09   37.2   8.2   8.4   7   0   0   7   7   7   6 -
rna-XM_036500992.1   -          PHD                  PF00628      4.6e-35  120.4 117.1   4.4e-09   37.2   8.2   8.4   7   0   0   7   7   7   6 -
rna-XM_036500991.1   -          PHD                  PF00628      4.7e-35  120.3 117.1   4.4e-09   37.2   8.2   8.4   7   0   0   7   7   7   6 -
rna-XM_029778254.2   -          PHD                  PF00628      4.9e-35  120.3 117.1   4.4e-09   37.2   8.2   8.4   7   0   0   7   7   7   6 -
rna-XM_029779917.2   -          PHD                  PF00628      1.6e-23   83.4  44.0   8.1e-08   33.1   7.2   3.7   3   0   0   3   3   3   3 -
rna-XM_029779916.2   -          PHD                  PF00628      2.2e-23   83.0  43.8   8.1e-08   33.1   7.2   3.7   3   0   0   3   3   3   3 -
rna-XM_029779918.2   -          PHD                  PF00628      2.2e-23   83.0  43.8   8.1e-08   33.1   7.2   3.7   3   0   0   3   3   3   3 -
rna-XM_036513450.1   -          PHD                  PF00628      3.7e-22   79.1  21.2   3.3e-12   47.2   7.7   2.7   2   0   0   2   2   2   2 -
rna-XM_029795004.2   -          PHD                  PF00628      3.8e-22   79.0  21.2   3.4e-12   47.2   7.7   2.7   2   0   0   2   2   2   2 -
rna-XM_036509820.1   -          PHD                  PF00628      1.5e-20   73.9  24.3   4.5e-11   43.6   5.9   2.9   2   0   0   2   2   2   2 -
rna-XM_029790454.2   -          PHD                  PF00628      1.8e-20   73.7  24.3   4.8e-11   43.5   5.9   2.9   2   0   0   2   2   2   2 -
rna-XM_029790453.2   -          PHD                  PF00628      1.8e-20   73.7  24.3   4.8e-11   43.5   5.9   2.9   2   0   0   2   2   2   2 -
rna-XM_036509818.1   -          PHD                  PF00628      1.8e-20   73.7  24.3   4.8e-11   43.5   5.9   2.9   2   0   0   2   2   2   2 -
rna-XM_036509819.1   -          PHD                  PF00628      1.8e-20   73.7  24.3   4.8e-11   43.5   5.9   2.9   2   0   0   2   2   2   2 -
rna-XM_029795479.2   -          PHD                  PF00628      6.2e-19   68.7  32.4   2.5e-10   41.2   8.2   2.8   2   0   0   2   2   2   2 -
rna-XM_029795474.2   -          PHD                  PF00628      6.4e-19   68.7  32.4   2.5e-10   41.2   8.2   2.8   2   0   0   2   2   2   2 -
rna-XM_029795477.2   -          PHD                  PF00628      6.4e-19   68.7  32.4   2.5e-10   41.2   8.2   2.8   2   0   0   2   2   2   2 -
rna-XM_029795481.2   -          PHD                  PF00628      6.4e-19   68.7  32.4   2.5e-10   41.2   8.2   2.8   2   0   0   2   2   2   2 -
rna-XM_029795472.2   -          PHD                  PF00628      6.4e-19   68.7  32.4   2.5e-10   41.2   8.2   2.8   2   0   0   2   2   2   2 -
rna-XM_029795478.2   -          PHD                  PF00628      6.4e-19   68.7  32.4   2.5e-10   41.2   8.2   2.7   2   0   0   2   2   2   2 -
rna-XM_029795471.2   -          PHD                  PF00628      6.4e-19   68.7  32.4   2.5e-10   41.2   8.2   2.8   2   0   0   2   2   2   2 -
rna-XM_036513356.1   -          PHD                  PF00628      6.6e-19   68.6  32.4   2.6e-10   41.1   8.2   2.8   2   0   0   2   2   2   2 -
rna-XM_036513355.1   -          PHD                  PF00628      6.6e-19   68.6  32.4   2.6e-10   41.1   8.2   2.8   2   0   0   2   2   2   2 -
rna-XM_029795075.2   -          PHD                  PF00628      6.6e-19   68.6  27.1   6.5e-10   39.8  14.2   2.6   2   0   0   2   2   2   2 -
rna-XM_029795469.2   -          PHD                  PF00628      6.6e-19   68.6  32.4   2.6e-10   41.1   8.2   2.8   2   0   0   2   2   2   2 -
rna-XM_029795468.2   -          PHD                  PF00628      6.6e-19   68.6  32.4   2.6e-10   41.1   8.2   2.8   2   0   0   2   2   2   2 -
rna-XM_029795467.2   -          PHD                  PF00628      6.6e-19   68.6  32.4   2.6e-10   41.1   8.2   2.8   2   0   0   2   2   2   2 -
rna-XM_029795470.2   -          PHD                  PF00628      7.2e-19   68.5  32.4   2.6e-10   41.1   8.2   2.7   2   0   0   2   2   2   2 -
rna-XM_029790970.2   -          PHD                  PF00628      1.1e-18   67.9  28.1   1.4e-11   45.2   8.9   3.2   3   0   0   3   3   2   2 -
rna-XM_029790969.2   -          PHD                  PF00628      1.1e-18   67.9  28.1   1.4e-11   45.2   8.9   3.2   3   0   0   3   3   2   2 -
rna-XM_029790967.2   -          PHD                  PF00628      1.1e-18   67.9  28.1   1.4e-11   45.2   8.9   3.2   3   0   0   3   3   2   2 -
rna-XM_029790968.2   -          PHD                  PF00628      1.1e-18   67.9  28.1   1.4e-11   45.2   8.9   3.2   3   0   0   3   3   2   2 -
rna-XM_029790965.2   -          PHD                  PF00628      1.1e-18   67.9  28.1   1.4e-11   45.2   8.9   3.2   3   0   0   3   3   2   2 -
rna-XM_029790966.2   -          PHD                  PF00628      1.1e-18   67.9  28.1   1.4e-11   45.2   8.9   3.2   3   0   0   3   3   2   2 -
rna-XM_029790962.2   -          PHD                  PF00628        2e-18   67.1  28.9   1.4e-11   45.2   8.9   3.2   3   0   0   3   3   2   2 -
rna-XM_029790963.2   -          PHD                  PF00628        2e-18   67.1  28.9   1.4e-11   45.2   8.9   3.2   3   0   0   3   3   2   2 -
rna-XM_029790964.2   -          PHD                  PF00628        2e-18   67.1  28.9   1.4e-11   45.2   8.9   3.2   3   0   0   3   3   2   2 -
rna-XM_036510466.1   -          PHD                  PF00628        2e-18   67.1  28.9   1.4e-11   45.2   8.9   3.2   3   0   0   3   3   2   2 -
rna-XM_036510467.1   -          PHD                  PF00628        2e-18   67.1  28.9   1.4e-11   45.2   8.9   3.2   3   0   0   3   3   2   2 -
rna-XM_036510468.1   -          PHD                  PF00628        2e-18   67.1  28.9   1.4e-11   45.2   8.9   3.2   3   0   0   3   3   2   2 -
rna-XM_036510469.1   -          PHD                  PF00628        2e-18   67.1  28.9   1.4e-11   45.2   8.9   3.2   3   0   0   3   3   2   2 -
rna-XM_036502252.1   -          PHD                  PF00628      1.1e-17   64.7  39.2   6.4e-09   36.7   9.3   4.2   4   0   0   4   4   3   2 -
rna-XM_036502251.1   -          PHD                  PF00628      1.2e-17   64.6  39.2   6.5e-09   36.6   9.3   4.2   4   0   0   4   4   3   2 -
rna-XM_029778805.2   -          PHD                  PF00628      1.2e-17   64.6  39.2   6.6e-09   36.6   9.3   4.2   4   0   0   4   4   3   2 -
rna-XM_036502250.1   -          PHD                  PF00628      1.2e-17   64.6  39.2   6.6e-09   36.6   9.3   4.2   4   0   0   4   4   3   2 -
rna-XM_029785542.2   -          PHD                  PF00628      9.3e-17   61.8  27.6   1.7e-11   44.9   7.5   3.6   3   0   0   3   3   3   2 -
rna-XM_029785541.2   -          PHD                  PF00628      1.1e-16   61.5  27.6   1.8e-11   44.8   7.5   3.6   3   0   0   3   3   3   2 -
rna-XM_036506806.1   -          PHD                  PF00628      1.1e-16   61.5  27.6   1.7e-11   44.9   7.5   3.5   3   0   0   3   3   3   2 -
rna-XM_029779921.2   -          PHD                  PF00628      3.5e-16   59.9  27.9   5.6e-08   33.6   7.4   2.7   2   0   0   2   2   2   2 -
rna-XM_036512392.1   -          PHD                  PF00628      3.7e-16   59.9  30.5   8.8e-10   39.4   7.6   2.5   2   0   0   2   2   2   2 -
rna-XM_029779920.2   -          PHD                  PF00628      4.8e-16   59.5  27.7   5.6e-08   33.6   7.4   2.7   2   0   0   2   2   2   2 -
rna-XM_029794340.2   -          PHD                  PF00628      1.2e-15   58.2  28.1   2.9e-09   37.8   5.3   2.5   2   0   0   2   2   2   2 -
rna-XM_029796019.2   -          PHD                  PF00628      2.1e-15   57.4  18.9   1.4e-12   48.3   6.9   3.5   3   0   0   3   3   2   2 -
rna-XM_036512391.1   -          PHD                  PF00628      5.8e-15   56.0  28.4   1.4e-08   35.6   5.6   2.6   2   0   0   2   2   2   2 -
rna-XM_029796023.2   -          PHD                  PF00628      8.2e-15   55.5  28.7     2e-09   38.3  11.1   3.5   3   0   0   3   3   2   2 -
rna-XM_036513985.1   -          PHD                  PF00628      1.4e-14   54.7  28.4   2.7e-09   37.9  11.1   3.3   3   0   0   3   3   2   2 -
rna-XM_029796022.2   -          PHD                  PF00628      1.5e-14   54.7  28.4   2.7e-09   37.9  11.1   3.3   3   0   0   3   3   2   2 -
rna-XM_029796021.2   -          PHD                  PF00628      1.5e-14   54.7  28.4   2.7e-09   37.9  11.1   3.3   3   0   0   3   3   2   2 -
rna-XM_036513984.1   -          PHD                  PF00628      1.5e-14   54.7  28.4   2.7e-09   37.9  11.1   3.3   3   0   0   3   3   2   2 -
rna-XM_029796020.2   -          PHD                  PF00628      1.5e-14   54.7  28.4   2.7e-09   37.9  11.1   3.3   3   0   0   3   3   2   2 -
rna-XM_029787016.2   -          PHD                  PF00628        4e-13   50.1  23.0   2.9e-06   28.2   6.6   2.6   2   0   0   2   2   2   2 -
rna-XM_036507326.1   -          PHD                  PF00628        4e-13   50.1  23.0   2.9e-06   28.2   6.6   2.6   2   0   0   2   2   2   2 -
rna-XM_036507327.1   -          PHD                  PF00628        4e-13   50.1  23.0   2.9e-06   28.2   6.6   2.6   2   0   0   2   2   2   2 -
rna-XM_036507328.1   -          PHD                  PF00628        4e-13   50.1  23.0   2.9e-06   28.2   6.6   2.6   2   0   0   2   2   2   2 -
rna-XM_036498921.1   -          PHD                  PF00628      6.6e-13   49.4   6.7   2.3e-09   38.1   1.2   2.0   2   0   0   2   2   2   2 -
rna-XM_029779867.2   -          PHD                  PF00628      1.2e-12   48.6  35.5   8.3e-09   36.3  12.4   3.6   3   0   0   3   3   2   2 -
rna-XM_036499291.1   -          PHD                  PF00628      1.6e-12   48.2  19.1   5.2e-06   27.3   7.1   2.9   2   0   0   2   2   2   2 -
rna-XM_029784081.2   -          PHD                  PF00628      5.6e-12   46.5   8.7   5.6e-12   46.5   8.7   3.4   3   0   0   3   3   1   1 -
rna-XM_029795476.2   -          PHD                  PF00628      9.8e-11   42.5   8.2   2.5e-10   41.2   8.2   1.8   1   0   0   1   1   1   1 -
rna-XM_029795473.2   -          PHD                  PF00628      9.8e-11   42.5   8.2   2.5e-10   41.2   8.2   1.8   1   0   0   1   1   1   1 -
rna-XM_029791459.2   -          PHD                  PF00628      2.3e-10   41.3  87.5   3.6e-07   31.1  11.3   7.0   6   1   0   6   6   3   3 -
rna-XM_029791460.2   -          PHD                  PF00628      2.3e-10   41.3  87.5   3.6e-07   31.1  11.3   7.0   6   1   0   6   6   3   3 -
rna-XM_029791461.2   -          PHD                  PF00628      2.3e-10   41.3  87.5   3.6e-07   31.1  11.3   7.0   6   1   0   6   6   3   3 -
rna-XM_029791458.2   -          PHD                  PF00628      2.6e-10   41.1  87.5   3.6e-07   31.1  11.3   6.9   6   1   0   6   6   3   3 -
rna-XM_036508305.1   -          PHD                  PF00628        4e-10   40.5   9.5     4e-10   40.5   9.5   2.9   2   0   0   2   2   1   1 -
rna-XM_029788306.2   -          PHD                  PF00628      4.5e-10   40.4   9.5   4.5e-10   40.4   9.5   2.8   2   0   0   2   2   1   1 -
rna-XM_029788305.2   -          PHD                  PF00628      4.6e-10   40.3   9.5   4.6e-10   40.3   9.5   2.8   2   0   0   2   2   1   1 -
rna-XM_029783848.2   -          PHD                  PF00628      1.5e-09   38.7  28.4   5.1e-08   33.8   8.8   2.8   2   0   0   2   2   2   2 -
rna-XM_029783854.2   -          PHD                  PF00628      1.5e-09   38.7  28.4   5.1e-08   33.8   8.8   2.8   2   0   0   2   2   2   2 -
rna-XM_029783862.2   -          PHD                  PF00628      1.5e-09   38.7  28.4   5.1e-08   33.8   8.8   2.8   2   0   0   2   2   2   2 -
rna-XM_036506063.1   -          PHD                  PF00628      1.5e-09   38.7  28.4   5.1e-08   33.8   8.8   2.8   2   0   0   2   2   2   2 -
rna-XM_036513348.1   -          PHD                  PF00628      2.6e-09   37.9   5.0   7.5e-09   36.5   5.0   1.9   1   0   0   1   1   1   1 -
rna-XM_029795323.2   -          PHD                  PF00628      2.6e-09   37.9   5.0   7.4e-09   36.5   5.0   1.9   1   0   0   1   1   1   1 -
rna-XM_036511441.1   -          PHD                  PF00628        4e-09   37.3   6.3   9.3e-09   36.2   6.3   1.7   1   0   0   1   1   1   1 -
rna-XM_036511440.1   -          PHD                  PF00628      4.1e-09   37.3   6.3   9.5e-09   36.1   6.3   1.7   1   0   0   1   1   1   1 -
rna-XM_036511439.1   -          PHD                  PF00628      4.2e-09   37.3   6.3   9.6e-09   36.1   6.3   1.7   1   0   0   1   1   1   1 -
rna-XM_036511438.1   -          PHD                  PF00628      4.2e-09   37.3   6.3   9.6e-09   36.1   6.3   1.7   1   0   0   1   1   1   1 -
rna-XM_036511437.1   -          PHD                  PF00628      4.2e-09   37.3   6.3   9.7e-09   36.1   6.3   1.7   1   0   0   1   1   1   1 -
rna-XM_036511436.1   -          PHD                  PF00628      4.2e-09   37.3   6.3   9.7e-09   36.1   6.3   1.7   1   0   0   1   1   1   1 -
rna-XM_036498793.1   -          PHD                  PF00628      7.8e-09   36.4   6.3   7.8e-09   36.4   6.3   1.8   2   0   0   2   2   1   1 -
rna-XM_029794079.2   -          PHD                  PF00628      9.3e-09   36.1   8.9   9.3e-09   36.1   8.9   2.0   2   0   0   2   2   1   1 -
rna-XM_029794088.2   -          PHD                  PF00628      9.3e-09   36.1   8.9   9.3e-09   36.1   8.9   2.0   2   0   0   2   2   1   1 -
rna-XM_036510724.1   -          PHD                  PF00628      1.1e-08   35.9  12.1   1.1e-08   35.9  12.1   4.1   4   0   0   4   4   1   1 -
rna-XM_029791810.2   -          PHD                  PF00628      1.2e-08   35.8  12.1   1.2e-08   35.8  12.1   4.1   4   0   0   4   4   1   1 -
rna-XM_029797037.2   -          PHD                  PF00628      2.1e-08   35.0  12.0   2.1e-08   35.0  12.0   3.1   3   0   0   3   3   2   1 -
rna-XM_036514957.1   -          PHD                  PF00628      2.3e-08   34.9  12.0   2.3e-08   34.9  12.0   3.1   3   0   0   3   3   2   1 -
rna-XM_036514958.1   -          PHD                  PF00628      2.3e-08   34.9  12.0   2.3e-08   34.9  12.0   3.1   3   0   0   3   3   2   1 -
rna-XM_036509698.1   -          PHD                  PF00628      9.4e-08   32.9  68.2    0.0021   19.0  15.5   6.0   5   0   0   5   5   5   3 -
rna-XM_036500094.1   -          PHD                  PF00628        1e-07   32.8   2.4   2.3e-07   31.7   2.4   1.7   1   0   0   1   1   1   1 -
rna-XM_029780568.1   -          PHD                  PF00628      1.3e-07   32.5   9.8   2.4e-07   31.6   9.8   1.5   1   0   0   1   1   1   1 -
rna-XM_029780567.2   -          PHD                  PF00628      1.3e-07   32.5   9.8   2.5e-07   31.6   9.8   1.5   1   0   0   1   1   1   1 -
rna-XM_036503293.1   -          PHD                  PF00628      1.3e-07   32.5   9.8   2.6e-07   31.5   9.8   1.5   1   0   0   1   1   1   1 -
rna-XM_036502253.1   -          PHD                  PF00628        3e-07   31.3   9.3     3e-07   31.3   9.3   3.7   4   0   0   4   4   2   1 -
rna-XM_029787017.2   -          PHD                  PF00628      7.6e-07   30.0  10.7   2.2e-06   28.6   1.8   2.6   2   0   0   2   2   2   1 -
rna-XM_036507329.1   -          PHD                  PF00628      7.7e-07   30.0  10.7   2.2e-06   28.5   1.8   2.6   2   0   0   2   2   2   1 -
rna-XM_029786221.2   -          PHD                  PF00628      1.1e-06   29.5  24.5   6.6e-06   27.0  10.5   3.0   2   0   0   2   2   2   1 -
rna-XM_029802321.2   -          PHD                  PF00628      1.3e-06   29.3   8.7   2.3e-06   28.5   8.7   1.4   1   0   0   1   1   1   1 -
rna-XM_036499413.1   -          PHD                  PF00628      3.5e-06   27.9  14.5   8.5e-06   26.7  14.5   1.7   1   0   0   1   1   1   1 -
rna-XM_029798680.1   -          PHD                  PF00628        7e-06   26.9   6.8     7e-06   26.9   6.8   3.4   4   0   0   4   4   2   1 -
rna-XM_029800216.2   -          PHD                  PF00628      8.6e-06   26.7  14.5   8.6e-06   26.7  14.5   2.5   2   0   0   2   2   1   1 -
rna-XM_036499412.1   -          PHD                  PF00628      8.7e-06   26.6  14.5   8.7e-06   26.6  14.5   2.5   2   0   0   2   2   1   1 -
rna-XM_036499411.1   -          PHD                  PF00628      8.7e-06   26.6  14.5   8.7e-06   26.6  14.5   2.5   2   0   0   2   2   1   1 -
rna-XM_036501086.1   -          PHD                  PF00628      9.7e-06   26.5   8.2   2.4e-05   25.2   8.2   1.7   1   0   0   1   1   1   1 -
rna-XM_029777962.2   -          PHD                  PF00628      9.9e-06   26.5   8.2   2.5e-05   25.2   8.2   1.8   1   0   0   1   1   1   1 -
rna-XM_036501084.1   -          PHD                  PF00628        1e-05   26.4   8.2   2.5e-05   25.2   8.2   1.8   1   0   0   1   1   1   1 -
rna-XM_029779878.2   -          PHD                  PF00628      1.5e-05   25.9   4.2   3.3e-05   24.8   4.2   1.6   1   0   0   1   1   1   1 -
rna-XM_029794701.2   -          PHD                  PF00628      1.6e-05   25.8  13.0   3.8e-05   24.6  13.0   1.7   1   0   0   1   1   1   1 -
rna-XM_036512899.1   -          PHD                  PF00628      1.6e-05   25.8  13.0   3.8e-05   24.6  13.0   1.7   1   0   0   1   1   1   1 -
rna-XM_036512900.1   -          PHD                  PF00628      1.6e-05   25.8  13.0   3.8e-05   24.6  13.0   1.7   1   0   0   1   1   1   1 -
rna-XM_036510002.1   -          PHD                  PF00628      1.8e-05   25.6   8.8   1.8e-05   25.6   8.8   3.9   3   1   1   4   4   1   1 -
rna-XM_036512898.1   -          PHD                  PF00628      1.9e-05   25.6  13.0   4.5e-05   24.3  13.0   1.7   1   0   0   1   1   1   1 -
rna-XM_036510001.1   -          PHD                  PF00628      1.9e-05   25.6   8.8   1.9e-05   25.6   8.8   3.8   3   1   1   4   4   1   1 -
rna-XM_029794699.2   -          PHD                  PF00628      1.9e-05   25.5  13.0   4.7e-05   24.3  13.0   1.7   1   0   0   1   1   1   1 -
rna-XM_029794698.2   -          PHD                  PF00628      1.9e-05   25.5  13.0   4.7e-05   24.3  13.0   1.7   1   0   0   1   1   1   1 -
rna-XM_036512897.1   -          PHD                  PF00628      1.9e-05   25.5  13.0   4.7e-05   24.3  13.0   1.7   1   0   0   1   1   1   1 -
rna-XM_036510000.1   -          PHD                  PF00628      1.9e-05   25.5   8.8   1.9e-05   25.5   8.8   3.9   3   1   1   4   4   1   1 -
rna-XM_029794700.2   -          PHD                  PF00628        2e-05   25.5  13.0   4.5e-05   24.4  13.0   1.6   1   0   0   1   1   1   1 -
rna-XM_036498873.1   -          PHD                  PF00628      2.5e-05   25.2  13.1   2.5e-05   25.2  13.1   5.2   5   0   0   5   5   2   1 -
rna-XM_029789814.2   -          PHD                  PF00628      3.2e-05   24.8  84.0    0.0011   19.9   5.8   6.9   6   0   0   6   6   5   3 -
rna-XM_029789813.2   -          PHD                  PF00628      3.2e-05   24.8  83.7    0.0011   19.9   5.8   6.9   6   0   0   6   6   5   3 -
rna-XM_029789809.2   -          PHD                  PF00628      3.3e-05   24.8  83.7    0.0011   19.9   5.8   6.9   6   0   0   6   6   5   3 -
rna-XM_029789810.2   -          PHD                  PF00628      3.3e-05   24.8  83.7    0.0011   19.9   5.8   6.9   6   0   0   6   6   5   3 -
rna-XM_029789812.2   -          PHD                  PF00628      3.3e-05   24.8  83.7    0.0011   19.9   5.8   6.9   6   0   0   6   6   5   3 -
rna-XM_036509695.1   -          PHD                  PF00628      3.3e-05   24.8  83.7    0.0011   19.9   5.8   6.9   6   0   0   6   6   5   3 -
rna-XM_036509696.1   -          PHD                  PF00628      3.3e-05   24.8  83.7    0.0011   19.9   5.8   6.9   6   0   0   6   6   5   3 -
rna-XM_036509697.1   -          PHD                  PF00628      3.3e-05   24.8  83.7    0.0011   19.9   5.8   6.9   6   0   0   6   6   5   3 -
rna-XM_036505494.1   -          PHD                  PF00628      4.4e-05   24.4  28.9   5.8e-05   24.0  10.7   3.2   2   1   0   2   2   2   1 -
rna-XM_029784149.2   -          PHD                  PF00628      4.9e-05   24.2  28.7   6.5e-05   23.8  10.7   3.2   2   1   0   2   2   2   1 -
rna-XM_029784148.2   -          PHD                  PF00628        5e-05   24.2  28.7   6.5e-05   23.8  10.7   3.2   2   1   0   2   2   2   1 -
rna-XM_029784146.2   -          PHD                  PF00628      5.1e-05   24.2  28.6   6.5e-05   23.8  10.7   3.2   2   1   0   2   2   2   1 -
rna-XM_029784144.2   -          PHD                  PF00628      5.1e-05   24.2  28.6   6.6e-05   23.8  10.7   3.2   2   1   0   2   2   2   1 -
rna-XM_029784150.2   -          PHD                  PF00628      6.4e-05   23.9  10.7   6.4e-05   23.9  10.7   3.3   3   1   0   3   3   2   1 -
rna-XM_029792804.2   -          PHD                  PF00628      6.5e-05   23.8   8.5   0.00012   23.0   8.5   1.5   1   0   0   1   1   1   1 -
rna-XM_029784145.2   -          PHD                  PF00628      6.5e-05   23.8  10.7   6.5e-05   23.8  10.7   3.3   3   1   0   3   3   2   1 -
rna-XM_029792803.2   -          PHD                  PF00628      6.6e-05   23.8   8.5   0.00012   23.0   8.5   1.5   1   0   0   1   1   1   1 -
rna-XM_029778802.2   -          PHD                  PF00628      0.00019   22.3  12.9   0.00019   22.3  12.9   3.3   3   0   0   3   3   1   1 -
rna-XM_036502322.1   -          PHD                  PF00628      0.00019   22.3  12.9   0.00019   22.3  12.9   3.3   3   0   0   3   3   1   1 -
rna-XM_029778800.2   -          PHD                  PF00628      0.00019   22.3  12.9   0.00019   22.3  12.9   3.3   3   0   0   3   3   1   1 -
rna-XM_029778801.2   -          PHD                  PF00628      0.00019   22.3  12.9   0.00019   22.3  12.9   3.3   3   0   0   3   3   1   1 -
rna-XM_036502321.1   -          PHD                  PF00628      0.00019   22.3  12.9   0.00019   22.3  12.9   3.3   3   0   0   3   3   1   1 -
rna-XM_029778799.2   -          PHD                  PF00628       0.0002   22.3  12.9    0.0002   22.3  12.9   3.3   3   0   0   3   3   1   1 -
rna-XM_029778798.2   -          PHD                  PF00628       0.0002   22.3  12.9    0.0002   22.3  12.9   3.3   3   0   0   3   3   1   1 -
rna-XM_036508384.1   -          PHD                  PF00628      0.00023   22.1   9.2   0.00023   22.1   9.2   1.9   2   0   0   2   2   1   1 -
rna-XM_029788561.2   -          PHD                  PF00628      0.00032   21.6   9.2   0.00032   21.6   9.2   1.9   2   0   0   2   2   1   1 -
rna-XM_029778893.2   -          PHD                  PF00628      0.00048   21.1  10.2   0.00078   20.4   9.2   1.9   2   0   0   2   2   1   1 -
rna-XM_029778892.2   -          PHD                  PF00628      0.00049   21.0  10.2    0.0008   20.4   9.2   1.9   2   0   0   2   2   1   1 -
rna-XM_029778891.2   -          PHD                  PF00628       0.0005   21.0  10.2   0.00081   20.3   9.2   1.9   2   0   0   2   2   1   1 -
rna-XM_036502710.1   -          PHD                  PF00628      0.00057   20.8  10.3    0.0012   19.7  10.3   1.6   1   0   0   1   1   1   1 -
rna-XM_036502711.1   -          PHD                  PF00628      0.00057   20.8  10.3    0.0012   19.7  10.3   1.6   1   0   0   1   1   1   1 -
rna-XM_036502712.1   -          PHD                  PF00628      0.00057   20.8  10.3    0.0012   19.7  10.3   1.6   1   0   0   1   1   1   1 -
rna-XM_029798099.1   -          PHD                  PF00628      0.00088   20.2  13.1    0.0016   19.4  13.1   1.5   1   0   0   1   1   1   1 -
rna-XM_029780189.2   -          PHD                  PF00628       0.0012   19.8   9.8    0.0012   19.8   7.5   2.2   2   0   0   2   2   1   1 -
rna-XM_036501453.1   -          PHD                  PF00628       0.0034   18.3   6.0    0.0088   17.0   6.0   1.7   1   0   0   1   1   1   1 -
rna-XM_029778181.2   -          PHD                  PF00628        0.004   18.1   6.0    0.0095   16.9   6.0   1.6   1   0   0   1   1   1   1 -
rna-XM_029778180.2   -          PHD                  PF00628       0.0043   18.0   6.0     0.011   16.8   6.0   1.7   1   0   0   1   1   1   1 -
rna-XM_029793338.2   -          PHD                  PF00628       0.0065   17.4   8.7    0.0065   17.4   8.7   3.9   3   1   1   4   4   1   1 -
rna-XM_036511997.1   -          PHD                  PF00628       0.0065   17.4   8.7    0.0065   17.4   8.7   3.9   3   1   1   4   4   1   1 -
rna-XM_036514284.1   -          PHD                  PF00628       0.0066   17.4  25.6      0.34   11.9   2.2   3.6   3   0   0   3   3   3   2 -
rna-XM_036507907.1   -          PHD                  PF00628        0.017   16.1  12.5     0.063   14.3  12.5   2.1   1   0   0   1   1   1   0 -
rna-XM_029787545.2   -          PHD                  PF00628        0.017   16.1  12.5     0.065   14.2  12.5   2.1   1   0   0   1   1   1   0 -
rna-XM_029787544.2   -          PHD                  PF00628        0.017   16.1  12.5     0.065   14.2  12.5   2.1   1   0   0   1   1   1   0 -
rna-XM_029787542.2   -          PHD                  PF00628        0.017   16.1  12.5     0.065   14.2  12.5   2.1   1   0   0   1   1   1   0 -
rna-XM_029787543.2   -          PHD                  PF00628        0.017   16.1  12.5     0.065   14.2  12.5   2.1   1   0   0   1   1   1   0 -
rna-XM_036514273.1   -          PHD                  PF00628        0.024   15.6  34.5      0.22   12.6   3.2   5.6   5   1   0   5   5   5   0 -
rna-XM_036514276.1   -          PHD                  PF00628        0.024   15.6  34.5      0.22   12.6   3.2   5.6   5   1   0   5   5   5   0 -
rna-XM_036514277.1   -          PHD                  PF00628        0.024   15.6  34.5      0.22   12.6   3.2   5.6   5   1   0   5   5   5   0 -
rna-XM_036507173.1   -          PHD                  PF00628        0.031   15.3   7.1     0.087   13.8   7.1   1.8   1   0   0   1   1   1   0 -
rna-XM_036506484.1   -          PHD                  PF00628        0.033   15.2  11.2     0.033   15.2  11.2   4.0   3   1   1   4   4   2   0 -
rna-XM_029785353.2   -          PHD                  PF00628        0.033   15.2  11.2     0.033   15.2  11.2   4.0   3   1   1   4   4   2   0 -
rna-XM_029786588.2   -          PHD                  PF00628        0.035   15.1   7.1     0.094   13.7   7.1   1.7   1   0   0   1   1   1   0 -
rna-XM_029785352.2   -          PHD                  PF00628        0.035   15.1  11.2     0.035   15.1  11.2   4.0   3   1   1   4   4   2   0 -
rna-XM_029785351.2   -          PHD                  PF00628        0.037   15.0  11.2     0.037   15.0  11.2   4.0   3   1   1   4   4   2   0 -
rna-XM_029785350.2   -          PHD                  PF00628        0.037   15.0  11.2     0.037   15.0  11.2   4.0   3   1   1   4   4   2   0 -
rna-XM_036514274.1   -          PHD                  PF00628        0.039   14.9  33.9      0.22   12.6   3.2   5.5   5   1   0   5   5   4   0 -
rna-XM_036514275.1   -          PHD                  PF00628        0.039   14.9  33.9      0.22   12.6   3.2   5.5   5   1   0   5   5   4   0 -
rna-XM_036498715.1   -          PHD                  PF00628        0.039   14.9   9.0      0.39   11.8   1.8   2.8   1   1   1   2   2   2   0 -
rna-XM_029780502.2   -          PHD                  PF00628        0.058   14.4   7.3     0.058   14.4   7.3   3.3   3   1   0   3   3   1   0 -
rna-XM_029782869.2   -          PHD                  PF00628        0.065   14.2   2.5      0.14   13.1   2.5   1.6   1   1   0   1   1   1   0 -
rna-XM_029782870.2   -          PHD                  PF00628        0.065   14.2   2.5      0.14   13.1   2.5   1.6   1   1   0   1   1   1   0 -
rna-XM_036504998.1   -          PHD                  PF00628        0.065   14.2   2.5      0.14   13.1   2.5   1.6   1   1   0   1   1   1   0 -
rna-XM_036504999.1   -          PHD                  PF00628        0.065   14.2   2.5      0.14   13.1   2.5   1.6   1   1   0   1   1   1   0 -
rna-XM_036503834.1   -          PHD                  PF00628        0.067   14.2  12.5      0.78   10.8   3.7   3.2   2   2   0   2   2   2   0 -
rna-XM_036514468.1   -          PHD                  PF00628         0.12   13.4  10.9       1.2   10.2   6.6   2.8   1   1   1   2   2   2   0 -
rna-XM_029793044.1   -          PHD                  PF00628         0.15   13.1  13.7       0.5   11.4   8.1   2.3   1   1   0   2   2   2   0 -
rna-XM_029797250.2   -          PHD                  PF00628         0.19   12.7   2.4      0.61   11.1   2.5   1.8   1   1   1   2   2   1   0 -
rna-XM_036514283.1   -          PHD                  PF00628         0.24   12.4  36.0      0.46   11.5   2.2   5.2   4   1   1   5   5   4   0 -
rna-XM_029793182.2   -          PHD                  PF00628         0.25   12.4   6.4     0.041   14.9   2.1   2.0   2   0   0   2   2   1   0 -
rna-XM_036502086.1   -          PHD                  PF00628         0.26   12.3   8.2      0.56   11.2   8.2   1.5   1   0   0   1   1   1   0 -
rna-XM_029783868.2   -          PHD                  PF00628         0.27   12.3  24.1       1.1   10.3  11.6   2.8   2   0   0   2   2   2   0 -
rna-XM_029779358.2   -          PHD                  PF00628         0.33   12.0   8.2      0.69   10.9   8.2   1.5   1   0   0   1   1   1   0 -
rna-XM_029779359.2   -          PHD                  PF00628         0.33   12.0   8.2      0.69   10.9   8.2   1.5   1   0   0   1   1   1   0 -
rna-XM_029793818.2   -          PHD                  PF00628         0.44   11.6   1.9       1.6    9.8   1.9   2.1   1   0   0   1   1   1   0 -
rna-XM_029782868.2   -          PHD                  PF00628         0.47   11.5   5.2       1.1   10.4   5.2   1.7   1   0   0   1   1   1   0 -
rna-XM_029796135.2   -          PHD                  PF00628         0.59   11.2  64.8      0.31   12.1   4.2  10.2   8   1   2  10  10   7   0 -
rna-XM_036514247.1   -          PHD                  PF00628         0.59   11.2  64.8      0.31   12.1   4.2  10.2   8   1   2  10  10   7   0 -
rna-XM_036514248.1   -          PHD                  PF00628         0.59   11.2  64.8      0.31   12.1   4.2  10.2   8   1   2  10  10   7   0 -
rna-XM_036514250.1   -          PHD                  PF00628         0.59   11.2  64.8      0.31   12.1   4.2  10.2   8   1   2  10  10   7   0 -
rna-XM_029798253.2   -          PHD                  PF00628         0.68   11.0   8.8       1.2   10.1   8.8   1.5   1   0   0   1   1   1   0 -
rna-XM_036514266.1   -          PHD                  PF00628         0.73   10.9  54.3       1.3   10.1   4.8   7.5   5   4   2   7   7   7   0 -
rna-XM_036514316.1   -          PHD                  PF00628         0.77   10.8   4.8        40    5.3   0.0   3.4   2   1   0   2   2   2   0 -
rna-XM_036513873.1   -          PHD                  PF00628         0.79   10.8   7.1        87    4.2   2.7   2.8   1   1   1   2   2   2   0 -
rna-XM_036513888.1   -          PHD                  PF00628         0.84   10.7   7.2        11    7.1   2.6   2.8   1   1   1   2   2   2   0 -
rna-XM_029793181.2   -          PHD                  PF00628            1   10.4   8.9     0.041   14.9   2.1   2.3   3   0   0   3   3   1   0 -
rna-XM_029793180.2   -          PHD                  PF00628            1   10.4   8.9     0.042   14.9   2.1   2.3   3   0   0   3   3   1   0 -
rna-XM_029798688.1   -          PHD                  PF00628          1.2   10.1   6.8        45    5.1   6.8   2.8   1   1   1   2   2   2   0 -
rna-XM_029798356.1   -          PHD                  PF00628          1.3   10.1   9.8        22    6.1   6.6   3.0   2   1   0   2   2   2   0 -
rna-XM_036514313.1   -          PHD                  PF00628          1.3   10.0   5.0        40    5.3   0.0   3.5   2   1   0   2   2   2   0 -
rna-XM_029778784.2   -          PHD                  PF00628          1.3   10.0   5.2       3.4    8.7   5.2   1.7   1   0   0   1   1   1   0 -
rna-XM_029778783.2   -          PHD                  PF00628          1.4   10.0   5.2       3.5    8.7   5.2   1.7   1   0   0   1   1   1   0 -
rna-XM_036502543.1   -          PHD                  PF00628          1.6    9.8   5.2       3.9    8.5   5.2   1.7   1   0   0   1   1   1   0 -
rna-XM_029786590.2   -          PHD                  PF00628          1.6    9.8  22.0       4.9    8.2   4.7   2.6   2   0   0   2   2   2   0 -
rna-XM_029778782.2   -          PHD                  PF00628          1.7    9.7   5.2       4.1    8.5   5.2   1.7   1   0   0   1   1   1   0 -
rna-XM_029778781.2   -          PHD                  PF00628          1.7    9.7   5.2       4.1    8.5   5.2   1.6   1   0   0   1   1   1   0 -
rna-XM_029778780.2   -          PHD                  PF00628          1.8    9.6   5.2       4.3    8.4   5.2   1.6   1   0   0   1   1   1   0 -
rna-XM_029788178.2   -          PHD                  PF00628            2    9.4   4.4       4.1    8.5   4.4   1.5   1   0   0   1   1   1   0 -
rna-XM_036505144.1   -          PHD                  PF00628          2.3    9.3   7.5       5.1    8.2   7.5   1.7   1   0   0   1   1   1   0 -
rna-XM_036505145.1   -          PHD                  PF00628          2.3    9.3   7.5       5.1    8.2   7.5   1.7   1   0   0   1   1   1   0 -
rna-XM_036499283.1   -          PHD                  PF00628          2.4    9.2  21.0       3.7    8.6   9.4   3.8   2   2   1   3   3   3   0 -
rna-XM_036499288.1   -          PHD                  PF00628          2.4    9.2  21.0       3.7    8.6   9.4   3.8   2   2   1   3   3   3   0 -
rna-XM_029777458.2   -          PHD                  PF00628          2.5    9.2  18.0      0.16   13.0   4.8   2.5   2   0   0   2   2   2   0 -
rna-XM_036514086.1   -          PHD                  PF00628          2.6    9.1  11.9        44    5.2   1.8   3.1   1   1   2   3   3   3   0 -
rna-XM_029782837.2   -          PHD                  PF00628          2.6    9.1   7.9       6.4    7.9   7.9   1.6   1   0   0   1   1   1   0 -
rna-XM_029794238.2   -          PHD                  PF00628          2.7    9.1   7.9       9.2    7.3   7.9   2.0   1   0   0   1   1   1   0 -
rna-XM_029800709.1   -          PHD                  PF00628          2.7    9.1   9.9         2    9.5   1.2   2.4   2   0   0   2   2   2   0 -
rna-XM_029794205.2   -          PHD                  PF00628          2.7    9.1   7.9       9.3    7.3   7.9   2.0   1   0   0   1   1   1   0 -
rna-XM_036511312.1   -          PHD                  PF00628          2.7    9.1   7.9       9.4    7.3   7.9   2.0   1   0   0   1   1   1   0 -
rna-XM_036504618.1   -          PHD                  PF00628          2.7    9.0   7.9       6.4    7.8   7.9   1.6   1   0   0   1   1   1   0 -
rna-XM_036504619.1   -          PHD                  PF00628          2.7    9.0   7.9       6.4    7.8   7.9   1.6   1   0   0   1   1   1   0 -
rna-XM_036511308.1   -          PHD                  PF00628          2.7    9.0   7.9       9.4    7.3   7.9   2.0   1   0   0   1   1   1   0 -
rna-XM_036511304.1   -          PHD                  PF00628          2.7    9.0   7.9       9.4    7.3   7.9   2.0   1   0   0   1   1   1   0 -
rna-XM_036511300.1   -          PHD                  PF00628          2.7    9.0   7.9       9.4    7.3   7.9   2.0   1   0   0   1   1   1   0 -
rna-XM_036511286.1   -          PHD                  PF00628          2.8    9.0   7.9       9.5    7.3   7.9   2.0   1   0   0   1   1   1   0 -
rna-XM_036511293.1   -          PHD                  PF00628          2.8    9.0   7.9       9.5    7.3   7.9   2.0   1   0   0   1   1   1   0 -
rna-XM_036511282.1   -          PHD                  PF00628          2.8    9.0   7.9       9.6    7.3   7.9   2.0   1   0   0   1   1   1   0 -
rna-XM_036511272.1   -          PHD                  PF00628          2.8    9.0   7.9       9.6    7.3   7.9   2.0   1   0   0   1   1   1   0 -
rna-XM_036511277.1   -          PHD                  PF00628          2.8    9.0   7.9       9.6    7.3   7.9   2.0   1   0   0   1   1   1   0 -
rna-XM_036511280.1   -          PHD                  PF00628          2.8    9.0   7.9       9.6    7.3   7.9   2.0   1   0   0   1   1   1   0 -
rna-XM_029782835.2   -          PHD                  PF00628          2.9    9.0   7.9       6.9    7.8   7.9   1.6   1   0   0   1   1   1   0 -
rna-XM_036513887.1   -          PHD                  PF00628          2.9    9.0   9.9        57    4.8   4.8   2.8   1   1   1   2   2   2   0 -
rna-XM_029792499.2   -          PHD                  PF00628          2.9    8.9   7.8       6.9    7.8   7.8   1.7   1   0   0   1   1   1   0 -
rna-XM_029792498.2   -          PHD                  PF00628            3    8.9   7.8       6.9    7.7   7.8   1.7   1   0   0   1   1   1   0 -
rna-XM_036511117.1   -          PHD                  PF00628            3    8.9   7.8       6.9    7.7   7.8   1.7   1   0   0   1   1   1   0 -
rna-XM_036500196.1   -          PHD                  PF00628          3.3    8.8  26.4      0.17   12.9   4.5   4.7   2   1   2   4   4   3   0 -
rna-XM_036498944.1   -          PHD                  PF00628          3.3    8.8  17.1        33    5.6   9.8   3.9   2   1   1   3   3   3   0 -
rna-XM_036500197.1   -          PHD                  PF00628          3.4    8.7  26.1      0.15   13.1   3.9   4.7   2   1   2   4   4   3   0 -
rna-XM_029796639.2   -          PHD                  PF00628          4.3    8.4  14.8        51    5.0   2.4   3.3   2   1   1   3   3   3   0 -
rna-XM_029788703.2   -          PHD                  PF00628            6    7.9  19.7       5.9    8.0   3.0   4.2   3   2   1   4   4   4   0 -
rna-XM_029795237.2   -          PHD                  PF00628          6.1    7.9  13.1       1.5    9.9   1.6   3.6   2   1   0   2   2   1   0 -
rna-XM_036514474.1   -          PHD                  PF00628          6.6    7.8  35.5       5.1    8.2   6.9   5.7   3   1   2   5   5   4   0 -
rna-XM_036514484.1   -          PHD                  PF00628            7    7.7  19.1       9.2    7.4   2.8   3.4   2   1   1   3   3   3   0 -
rna-XM_036498854.1   -          PHD                  PF00628          7.1    7.7   6.4   1.4e+02    3.5   6.4   2.7   1   1   0   1   1   1   0 -
rna-XM_036504935.1   -          PHD                  PF00628          7.8    7.6  45.3       1.7    9.7   1.2   7.1   4   3   2   6   6   5   0 -
rna-XM_036509412.1   -          PHD                  PF00628            8    7.5  12.6   2.3e+02    2.9   1.4   4.5   2   1   4   6   6   3   0 -
rna-XM_029779602.2   -          PHD                  PF00628          8.6    7.5  10.8       5.8    8.0   7.5   2.3   2   0   0   2   2   1   0 -
rna-XM_036505139.1   -          PHD                  PF00628          8.8    7.4  10.8       5.9    8.0   7.5   2.3   2   0   0   2   2   1   0 -
rna-XM_036505140.1   -          PHD                  PF00628          8.8    7.4  10.8       5.9    8.0   7.5   2.3   2   0   0   2   2   1   0 -
rna-XM_036505141.1   -          PHD                  PF00628          8.8    7.4  10.8       5.9    8.0   7.5   2.3   2   0   0   2   2   1   0 -
rna-XM_036505142.1   -          PHD                  PF00628          8.8    7.4  10.8       5.9    8.0   7.5   2.3   2   0   0   2   2   1   0 -
rna-XM_036505143.1   -          PHD                  PF00628          8.8    7.4  10.8       5.9    8.0   7.5   2.3   2   0   0   2   2   1   0 -
rna-XM_036514323.1   -          PHD                  PF00628          9.6    7.3  14.4   1.3e+02    3.7   0.2   3.4   1   1   3   4   4   3   0 -
#
# Program:         hmmsearch
# Version:         3.3 (Nov 2019)
# Pipeline mode:   SEARCH
# Query file:      epigenetic_profiles.hmm
# Target file:     octopus_sinensis_proteins.fasta
# Option settings: hmmsearch --tblout octopus_sinensis_epigenetics.txt --cpu 30 epigenetic_profiles.hmm octopus_sinensis_proteins.fasta 
# Current dir:     /home/user/genome_project/downstream_analysis
# Date:            Tue Jun  9 13:14:53 2026
# [ok]
